partner,host,class,t_lat_s,t_lat_min_s,inv_bw_s_per_word,bw_GB_s,m2_words,m_eager_words,m_eager_bytes,eager_score
0,ccc0398.campuscluster.illinois.edu,self,3.88696e-07,3.802795e-07,1.794651354155688e-10,44.576903371650594,69.00615880428,1011,8088,0.2996702849084588
1,ccc0398.campuscluster.illinois.edu,intra,7.749965e-07,7.710145e-07,3.525977147179813e-10,22.688746030015114,69.68748985700606,1011,8088,0.21634311764780462
2,ccc0398.campuscluster.illinois.edu,intra,7.9144e-07,7.83227e-07,3.5430518798685344e-10,22.579404059691164,85.85154902564196,1011,8088,0.2068102175890038
3,ccc0398.campuscluster.illinois.edu,intra,7.784095e-07,7.725735e-07,3.530489738889008e-10,22.6597457907284,69.53268199446825,1011,8088,0.23717476045251876
4,ccc0398.campuscluster.illinois.edu,intra,7.95306e-07,7.92627e-07,3.541074885936613e-10,22.59201021636684,71.3570950866527,1011,8088,0.23895763567702424
5,ccc0398.campuscluster.illinois.edu,intra,7.971585e-07,7.942345e-07,3.5450870310997845e-10,22.566441753950897,61.22773909613173,1011,8088,0.19554253370163516
6,ccc0398.campuscluster.illinois.edu,intra,7.986715e-07,7.94506e-07,3.544089639594251e-10,22.572792489853303,86.12964857319577,1011,8088,0.20875291926879572
7,ccc0398.campuscluster.illinois.edu,intra,8.05705e-07,7.963415e-07,3.5623647969332314e-10,22.456992632778768,93.85451894518603,1011,8088,0.22793004646493162
8,ccc0398.campuscluster.illinois.edu,intra,8.0811e-07,7.99452e-07,3.5426774123256174e-10,22.58179074438601,86.92180854909591,1011,8088,0.18513920036962067
9,ccc0398.campuscluster.illinois.edu,intra,8.006265e-07,7.92318e-07,3.5450095104903206e-10,22.5669352263416,87.81890317157674,1011,8088,0.22734922008980016
10,ccc0398.campuscluster.illinois.edu,intra,8.017325e-07,7.95861e-07,3.538555934107658e-10,22.608092535401493,86.53481982613624,1011,8088,0.2209070132586038
11,ccc0398.campuscluster.illinois.edu,intra,8.03456e-07,7.94434e-07,3.544977624190348e-10,22.567138210998305,84.28895506838435,1011,8088,0.21329201758153923
12,ccc0398.campuscluster.illinois.edu,intra,7.953165e-07,7.943265e-07,3.561747637436985e-10,22.460883853513995,71.32414399282845,1011,8088,0.23762251753964067
13,ccc0398.campuscluster.illinois.edu,intra,8.030545e-07,7.97891e-07,3.547940137843589e-10,22.548294754663868,86.93133235866196,1011,8088,0.22578673978507519
14,ccc0398.campuscluster.illinois.edu,intra,8.05786e-07,7.980625e-07,3.5411099608088096e-10,22.5917864413698,91.7582270722511,1011,8088,0.22820023523147967
15,ccc0398.campuscluster.illinois.edu,intra,8.002955e-07,8.002955e-07,3.534328793341573e-10,22.6351323483866,85.62988393689838,1011,8088,0.22931855126305742
16,ccc0398.campuscluster.illinois.edu,intra,8.02612e-07,7.985215e-07,3.5490482942150575e-10,22.541254265375834,77.89638517582942,1011,8088,0.20998909189130224
17,ccc0398.campuscluster.illinois.edu,intra,8.06061e-07,8.005645e-07,3.5358175750414077e-10,22.62560166132528,85.37552315718295,1011,8088,0.22348983534872366
18,ccc0398.campuscluster.illinois.edu,intra,8.051635e-07,7.880125e-07,3.5382107657094317e-10,22.610298056667503,73.04107312291787,1011,8088,0.2234109536190648
19,ccc0398.campuscluster.illinois.edu,intra,7.949125e-07,7.89423e-07,3.5425167245976655e-10,22.582815049119027,79.31823698309863,1011,8088,0.20710932228921775
20,ccc0398.campuscluster.illinois.edu,intra,8.051705e-07,7.95397e-07,3.544006906541909e-10,22.57331944030002,92.41419627346471,1011,8088,0.21004000892764632
21,ccc0398.campuscluster.illinois.edu,intra,8.004175e-07,7.95466e-07,3.541233302438736e-10,22.59099956642408,69.77414874196947,1011,8088,0.2242698961300801
22,ccc0398.campuscluster.illinois.edu,intra,7.981385e-07,7.940315e-07,3.537100561623198e-10,22.617394842539476,93.13290000080373,1011,8088,0.23635628364003333
23,ccc0398.campuscluster.illinois.edu,intra,8.13229e-07,7.987445e-07,3.550306656282475e-10,22.533264797967618,89.27176540705094,1011,8088,0.24078499463405348
24,ccc0398.campuscluster.illinois.edu,intra,8.020225e-07,7.980175e-07,3.5506691783515856e-10,22.530964159589875,84.58470308916131,1011,8088,0.20932826342955255
25,ccc0398.campuscluster.illinois.edu,intra,8.045615e-07,7.93822e-07,3.5409041182356715e-10,22.593099764548736,85.16742429837626,1011,8088,0.19791006882853623
26,ccc0398.campuscluster.illinois.edu,intra,8.012875e-07,7.96581e-07,3.544438397109213e-10,22.57057142402213,83.47522878957822,1011,8088,0.21615569573108834
27,ccc0398.campuscluster.illinois.edu,intra,7.98501e-07,7.98023e-07,3.5457742927676896e-10,22.56206780086817,69.31640533888418,1011,8088,0.21610612987278385
28,ccc0398.campuscluster.illinois.edu,intra,8.01205e-07,8.01205e-07,3.539975815352506e-10,22.59902444899435,91.78448296339842,1011,8088,0.21901676093192846
29,ccc0398.campuscluster.illinois.edu,intra,8.039635e-07,7.974755e-07,3.553570854846182e-10,22.512566448731427,85.01024467791642,1011,8088,0.21762861760477245
30,ccc0398.campuscluster.illinois.edu,intra,8.02879e-07,7.924045e-07,3.547666633665221e-10,22.550033095231708,85.26548507013446,1011,8088,0.21314794197448989
31,ccc0398.campuscluster.illinois.edu,intra,8.06305e-07,8.04016e-07,3.54484823921377e-10,22.567961898911534,84.37174737239455,1011,8088,0.21801533248904367
32,ccc0398.campuscluster.illinois.edu,intra,9.01441e-07,8.97598e-07,3.627531788465756e-10,22.053562770799466,101.20626232071032,1011,8088,0.24067944558750107
33,ccc0398.campuscluster.illinois.edu,intra,9.013015e-07,8.932065e-07,3.625606935015437e-10,22.06527112119488,103.68165859560354,1011,8088,0.24294090635599788
34,ccc0398.campuscluster.illinois.edu,intra,9.126685e-07,8.979e-07,3.613489007886715e-10,22.139267568102163,106.59733922502062,1011,8088,0.3120702756278664
35,ccc0398.campuscluster.illinois.edu,intra,9.084715e-07,8.98878e-07,3.608590412866292e-10,22.169321216052406,103.47553914958985,1011,8088,0.21910363793206014
36,ccc0398.campuscluster.illinois.edu,intra,9.092155e-07,9.023025e-07,3.606063873836973e-10,22.18485384588524,116.10450577500966,1011,8088,0.2999438275524192
37,ccc0398.campuscluster.illinois.edu,intra,9.080485e-07,8.988335e-07,3.6127784034657225e-10,22.143622183762048,101.98749965067168,1011,8088,0.26407522394826377
38,ccc0398.campuscluster.illinois.edu,intra,8.997375e-07,8.97793e-07,3.599915501547231e-10,22.222743829852753,101.96396307196274,1011,8088,0.23142163368087276
39,ccc0398.campuscluster.illinois.edu,intra,9.043505e-07,9.01451e-07,3.598121218815908e-10,22.233825692600455,107.52568604211189,1011,8088,0.29705861664306926
40,ccc0398.campuscluster.illinois.edu,intra,9.046795e-07,9.02779e-07,3.604914473523466e-10,22.19192732242757,101.37541687762227,1011,8088,0.2630215585981826
41,ccc0398.campuscluster.illinois.edu,intra,9.03285e-07,8.844905e-07,3.6060047171391125e-10,22.185217789584428,107.53444159604148,1011,8088,0.29705714517898657
42,ccc0398.campuscluster.illinois.edu,intra,9.113215e-07,8.99593e-07,5.332318432786431e-10,15.0028549510678,109.65776430487276,40238,321904,0.47140519308160506
43,ccc0398.campuscluster.illinois.edu,intra,9.083635e-07,8.93818e-07,3.624530768781098e-10,22.071822562263254,96.76372438268321,1011,8088,0.2897397316623303
44,ccc0398.campuscluster.illinois.edu,intra,9.12421e-07,9.12421e-07,3.4332451507164414e-10,23.301569357290376,96.73478095417018,40882,327056,1.048566636241461
45,ccc0398.campuscluster.illinois.edu,intra,9.13268e-07,9.07493e-07,3.6050985428088925e-10,22.190794245992635,111.54027136034783,1011,8088,0.2851626936944322
46,ccc0398.campuscluster.illinois.edu,intra,9.118465e-07,9.074685e-07,3.6189383008401506e-10,22.10593089730977,109.51388498868968,1011,8088,0.3058252831277813
47,ccc0398.campuscluster.illinois.edu,intra,9.09627e-07,9.03174e-07,3.615135184519717e-10,22.12918630057489,116.29414992812816,1011,8088,0.2568916490578836
48,ccc0398.campuscluster.illinois.edu,intra,9.04777e-07,8.86081e-07,3.604132672738887e-10,22.19674114804593,103.34467345410093,1011,8088,0.2236520954567999
49,ccc0398.campuscluster.illinois.edu,intra,9.11754e-07,9.108755e-07,3.618112484936882e-10,22.110976464402434,111.11818491969407,1011,8088,0.2819174743905772
50,ccc0398.campuscluster.illinois.edu,intra,9.111965e-07,9.021785e-07,3.6260560326568755e-10,22.062538272852496,114.13869620145073,1011,8088,0.2735544041248519
51,ccc0398.campuscluster.illinois.edu,intra,9.043345e-07,8.881755e-07,4.0704113007252956e-10,19.654033484465078,107.41273380885568,1426,11408,0.4273404249816353
52,ccc0398.campuscluster.illinois.edu,intra,9.070795e-07,9.010755e-07,3.6236339333476187e-10,22.07728525328541,107.92980823940404,1011,8088,0.25957984019006075
53,ccc0398.campuscluster.illinois.edu,intra,9.075745e-07,8.964445e-07,3.6081066512391e-10,22.17229359684429,108.24233776495848,1011,8088,0.2559097882280819
54,ccc0398.campuscluster.illinois.edu,intra,9.050585e-07,8.94334e-07,3.620750710140055e-10,22.094865513926944,105.53785851519646,1011,8088,0.2864427853497115
55,ccc0398.campuscluster.illinois.edu,intra,9.10801e-07,8.968545e-07,3.619267480253877e-10,22.103920319917425,111.4087333371309,1011,8088,0.2896658666466453
56,ccc0398.campuscluster.illinois.edu,intra,8.924425e-07,8.924425e-07,3.606631874800264e-10,22.18135999932913,100.06319862981313,1011,8088,0.24498295103637088
57,ccc0398.campuscluster.illinois.edu,intra,9.063035e-07,9.03604e-07,3.223113842862236e-10,24.82071806962836,110.27127312510774,1011,8088,0.22095309168854735
58,ccc0398.campuscluster.illinois.edu,intra,9.06405e-07,9.016295e-07,3.6134828173392063e-10,22.139305496658796,109.48931552906986,1011,8088,0.2894566057333821
59,ccc0398.campuscluster.illinois.edu,intra,9.137455e-07,9.069525e-07,3.6227077813083873e-10,22.082929352669723,111.32764154237435,1011,8088,0.299490276085138
60,ccc0398.campuscluster.illinois.edu,intra,9.01058e-07,8.90359e-07,3.6169860357981293e-10,22.11786255413261,106.5804244062944,1011,8088,0.26569090803664575
61,ccc0398.campuscluster.illinois.edu,intra,9.136535e-07,9.07098e-07,3.614278450018804e-10,22.134431839246858,116.08620843894461,1011,8088,0.2494438260016875
62,ccc0398.campuscluster.illinois.edu,intra,9.08895e-07,8.8853e-07,3.6168441987878395e-10,22.118729921186944,108.64144845291871,1011,8088,0.28644202580664085
63,ccc0398.campuscluster.illinois.edu,intra,9.03561e-07,9.00344e-07,3.633590291733605e-10,22.01679154141277,108.09128153222525,1011,8088,0.23644342564041762
64,ccc0399.campuscluster.illinois.edu,inter,2.189631e-06,2.1735845e-06,6.639672008294882e-10,12.048787937123508,602.3185329240639,1011,8088,0.5274310684207338
65,ccc0399.campuscluster.illinois.edu,inter,2.1725085e-06,2.164903e-06,6.638605228331796e-10,12.05072409767361,611.7791022928484,1011,8088,0.5337479991112435
66,ccc0399.campuscluster.illinois.edu,inter,2.1764545e-06,2.1764545e-06,6.628397770694525e-10,12.069281712949701,614.6383521339325,1011,8088,0.5243671365507397
67,ccc0399.campuscluster.illinois.edu,inter,2.1763425e-06,2.173528e-06,6.628321657651735e-10,12.069420304557488,608.3619976672503,1011,8088,0.524030135175315
68,ccc0399.campuscluster.illinois.edu,inter,2.1843635e-06,2.1697225e-06,6.628149268511025e-10,12.069734213751575,628.0134976107099,1011,8088,0.5428886610997368
69,ccc0399.campuscluster.illinois.edu,inter,2.175748e-06,2.174103e-06,6.633735738462524e-10,12.059569924704492,606.1682727371418,1011,8088,0.5234590639011362
70,ccc0399.campuscluster.illinois.edu,inter,2.169708e-06,2.169708e-06,6.633180792538852e-10,12.060578853811094,624.329877526059,1011,8088,0.5289393824820392
71,ccc0399.campuscluster.illinois.edu,inter,2.1817445e-06,2.181012e-06,6.629351085478683e-10,12.067546124572683,619.5384122951955,1011,8088,0.5433983198400918
72,ccc0399.campuscluster.illinois.edu,inter,2.176052e-06,2.176052e-06,6.632892928442747e-10,12.061102276647512,597.2296380953674,1011,8088,0.5302957636010801
73,ccc0399.campuscluster.illinois.edu,inter,2.1692195e-06,2.1692195e-06,6.624685788232076e-10,12.076044443060223,611.2695842098319,1011,8088,0.5335687425814744
74,ccc0399.campuscluster.illinois.edu,inter,2.178384e-06,2.1773755e-06,6.633903747981854e-10,12.059264505358154,609.8930473097441,1011,8088,0.5254405775729466
75,ccc0399.campuscluster.illinois.edu,inter,2.176926e-06,2.1734195e-06,6.632968697806735e-10,12.060964500925941,615.4172641760601,1011,8088,0.535540532778146
76,ccc0399.campuscluster.illinois.edu,inter,2.173899e-06,2.173663e-06,6.630207259809905e-10,12.065987813824945,612.9976304419425,1011,8088,0.5280775963141633
77,ccc0399.campuscluster.illinois.edu,inter,2.184197e-06,2.181342e-06,6.624531482913987e-10,12.076325730557137,611.0113678332988,1011,8088,0.5395392208026784
78,ccc0399.campuscluster.illinois.edu,inter,2.179145e-06,2.1734465e-06,6.627036632942249e-10,12.07176064220455,627.0879174308442,1011,8088,0.5410659894908356
79,ccc0399.campuscluster.illinois.edu,inter,2.167717e-06,2.167717e-06,6.62945172624246e-10,12.067362928871285,617.0873809360107,1011,8088,0.5339861382370701
80,ccc0399.campuscluster.illinois.edu,inter,2.174806e-06,2.1684e-06,6.630051685269704e-10,12.066270942915835,622.9506804320179,1011,8088,0.539811180665663
81,ccc0399.campuscluster.illinois.edu,inter,2.1741575e-06,2.1719885e-06,6.629415785209854e-10,12.067428351451273,609.0159082838063,1011,8088,0.5405555028263236
82,ccc0399.campuscluster.illinois.edu,inter,2.177094e-06,2.171861e-06,6.631736833529625e-10,12.063204859928288,618.5587570790125,1011,8088,0.5248549504127032
83,ccc0399.campuscluster.illinois.edu,inter,2.187833e-06,2.182456e-06,6.631193820632362e-10,12.064192687459567,644.4251539618882,1011,8088,0.5431586040606611
84,ccc0399.campuscluster.illinois.edu,inter,2.181134e-06,2.1727685e-06,6.622119907541085e-10,12.080723562389474,625.4780260782766,1011,8088,0.5302636177358451
85,ccc0399.campuscluster.illinois.edu,inter,2.179356e-06,2.178502e-06,6.663859071456655e-10,12.005055800574242,582.9275869619615,1011,8088,0.5245899884331248
86,ccc0399.campuscluster.illinois.edu,inter,2.178815e-06,2.1701875e-06,6.63632594530501e-10,12.05486298583593,613.3273498694306,1011,8088,0.5337394434903708
87,ccc0399.campuscluster.illinois.edu,inter,2.172598e-06,2.1653825e-06,6.639986788675043e-10,12.048216742907611,611.9142318498368,1011,8088,0.5332622435680141
88,ccc0399.campuscluster.illinois.edu,inter,2.175779e-06,2.1736855e-06,6.63317876706891e-10,12.060582536561222,603.245401951632,1011,8088,0.5263291099968387
89,ccc0399.campuscluster.illinois.edu,inter,2.1769105e-06,2.1769105e-06,6.630308977966082e-10,12.065802704799566,606.9592717386446,1011,8088,0.5253657786265893
90,ccc0399.campuscluster.illinois.edu,inter,2.174703e-06,2.172669e-06,6.625373400768678e-10,12.074791134144737,611.9207250766982,1011,8088,0.5318420291187881
91,ccc0399.campuscluster.illinois.edu,inter,2.1799195e-06,2.1771565e-06,6.629931793530278e-10,12.066489142175916,601.6405718328172,1011,8088,0.5345422957913794
92,ccc0399.campuscluster.illinois.edu,inter,2.181119e-06,2.181119e-06,6.628686897591623e-10,12.068755280788132,627.4929661196136,1011,8088,0.5321286123975413
93,ccc0399.campuscluster.illinois.edu,inter,2.1762995e-06,2.1730475e-06,6.627816107740276e-10,12.07034092369766,611.0491871989085,1011,8088,0.536422304669024
94,ccc0399.campuscluster.illinois.edu,inter,2.1891525e-06,2.1812085e-06,6.634711880860061e-10,12.05779564155385,623.3459120967963,1011,8088,0.4956340879795279
95,ccc0399.campuscluster.illinois.edu,inter,2.174828e-06,2.174828e-06,6.629243721383582e-10,12.067741564840716,610.3895287010685,1011,8088,0.5304578143521439
96,ccc0399.campuscluster.illinois.edu,inter,2.283525e-06,2.2729265e-06,6.637475777655279e-10,12.052774681199724,615.6999846547245,1011,8088,0.5518280090553507
97,ccc0399.campuscluster.illinois.edu,inter,2.285475e-06,2.265249e-06,6.626068063243273e-10,12.073525239467925,630.4783589209969,1011,8088,0.5486094653518675
98,ccc0399.campuscluster.illinois.edu,inter,2.275552e-06,2.267501e-06,6.631353250572132e-10,12.063902642058444,612.5517310858633,1011,8088,0.5455455475894709
99,ccc0399.campuscluster.illinois.edu,inter,2.275826e-06,2.275826e-06,6.635922216904052e-10,12.055596401689517,626.3343904005313,1011,8088,0.5556296614981597
100,ccc0399.campuscluster.illinois.edu,inter,2.275109e-06,2.268538e-06,6.630446168252582e-10,12.065553051776538,615.4628088143127,1011,8088,0.5385738586206108
101,ccc0399.campuscluster.illinois.edu,inter,2.276013e-06,2.269317e-06,6.616978864389604e-10,12.090109646644573,611.2497341045015,1011,8088,0.54328423444599
102,ccc0399.campuscluster.illinois.edu,inter,2.276918e-06,2.2703325e-06,6.626779325727748e-10,12.072229369311987,638.465235530505,1011,8088,0.543091649503993
103,ccc0399.campuscluster.illinois.edu,inter,2.278659e-06,2.2714615e-06,6.624077219311501e-10,12.077153896511357,622.2466937276782,1011,8088,0.556113051492459
104,ccc0399.campuscluster.illinois.edu,inter,2.2718785e-06,2.2718785e-06,6.590664804978025e-10,12.138380932311236,589.363092798666,1011,8088,0.5465281873711263
105,ccc0399.campuscluster.illinois.edu,inter,2.8383415e-06,2.2804935e-06,6.624537607532557e-10,12.07631456556824,1012.2451664530413,1011,8088,0.538907883977463
106,ccc0399.campuscluster.illinois.edu,inter,2.275916e-06,2.275916e-06,6.626696418417406e-10,12.072380406269716,605.2635158077985,1011,8088,0.5398899000114527
107,ccc0399.campuscluster.illinois.edu,inter,2.267197e-06,2.2668835e-06,6.633879266667482e-10,12.059309008224966,598.9734044300985,1011,8088,0.5563344669634809
108,ccc0399.campuscluster.illinois.edu,inter,2.277254e-06,2.265859e-06,6.6273474698684e-10,12.07119445052857,620.5846015112376,1011,8088,0.5448294269491657
109,ccc0399.campuscluster.illinois.edu,inter,2.272688e-06,2.272688e-06,6.635617829282868e-10,12.056149413391678,605.1608457676679,1011,8088,0.5414830836562873
110,ccc0399.campuscluster.illinois.edu,inter,2.2766135e-06,2.2747965e-06,6.632878619072146e-10,12.061128296539062,629.9289822094493,1011,8088,0.5560681776381602
111,ccc0399.campuscluster.illinois.edu,inter,2.2718135e-06,2.2668565e-06,6.628747988298465e-10,12.068644054838359,635.1256873426937,1011,8088,0.5478464097309769
112,ccc0399.campuscluster.illinois.edu,inter,2.271773e-06,2.2697715e-06,6.63129075805493e-10,12.064016330881767,630.8345528409973,1011,8088,0.5622315513040959
113,ccc0399.campuscluster.illinois.edu,inter,2.2806755e-06,2.2806755e-06,6.049300894384406e-10,13.224668667790088,630.8561539006947,5681,45448,2.2397195574035766
114,ccc0399.campuscluster.illinois.edu,inter,2.2985675e-06,2.2985675e-06,6.634865149177646e-10,12.057517101144933,639.8280975172678,1011,8088,0.543672867620897
115,ccc0399.campuscluster.illinois.edu,inter,2.273564e-06,2.273564e-06,6.639866596835876e-10,12.048434834236389,637.8392977442742,1011,8088,0.529408352836085
116,ccc0399.campuscluster.illinois.edu,inter,2.2801935e-06,2.2758385e-06,6.638417477664495e-10,12.051064921597145,627.7417188731223,1011,8088,0.5522699808640371
117,ccc0399.campuscluster.illinois.edu,inter,2.2856485e-06,2.279538e-06,6.641693566454568e-10,12.04512060057374,613.3335852806005,1011,8088,0.5445768776845309
118,ccc0399.campuscluster.illinois.edu,inter,2.262498e-06,2.262498e-06,6.632118129420477e-10,12.062511318234089,622.0142609951748,1011,8088,0.5438983062472584
119,ccc0399.campuscluster.illinois.edu,inter,2.2877585e-06,2.2774695e-06,6.636311310014658e-10,12.054889570848554,639.1290876311558,1011,8088,0.539407074233074
120,ccc0399.campuscluster.illinois.edu,inter,2.2818215e-06,2.2725175e-06,6.62592055605543e-10,12.073794022007702,630.643625884701,1011,8088,0.548693897180867
121,ccc0399.campuscluster.illinois.edu,inter,2.2661455e-06,2.2661455e-06,6.6393627382519e-10,12.049349185139336,606.0096361683824,1011,8088,0.5397325263658441
122,ccc0399.campuscluster.illinois.edu,inter,2.274621e-06,2.2701195e-06,6.631812528023237e-10,12.063067172353533,628.3002194968674,1011,8088,0.5534048999511673
123,ccc0399.campuscluster.illinois.edu,inter,2.273998e-06,2.273998e-06,6.63615872347254e-10,12.055166751366965,609.4933304644225,1011,8088,0.5385401028194241
124,ccc0399.campuscluster.illinois.edu,inter,2.273869e-06,2.273869e-06,6.633650306260643e-10,12.05972523521452,621.9236435296572,1011,8088,0.5613508433828952
125,ccc0399.campuscluster.illinois.edu,inter,2.2808785e-06,2.2773655e-06,6.627747937339876e-10,12.070465074462222,617.5062065077371,1011,8088,0.5415179295986822
126,ccc0399.campuscluster.illinois.edu,inter,2.277313e-06,2.2748335e-06,6.627266185534593e-10,12.071342505393384,629.6574135423812,1011,8088,0.5385303040265735
127,ccc0399.campuscluster.illinois.edu,inter,2.2790865e-06,2.2790865e-06,6.631229126898413e-10,12.064128454782852,622.5218919436669,1011,8088,0.5627003351160212
