m,n,nrep,t_apply,gflops
1,31,2000,7.244169828e-07,2.139651660e+00
2,31,2000,1.033722947e-06,2.998869290e+00
4,31,2000,1.424866030e-06,4.351286275e+00
8,31,2000,2.328098519e-06,5.326235080e+00
16,31,2000,4.145298502e-06,5.982681340e+00
32,31,2000,7.911483000e-06,6.269368208e+00
1,127,2000,3.321389493e-06,2.676590631e+00
2,127,2000,4.845473508e-06,3.669404026e+00
4,127,2000,7.254090044e-06,4.902062117e+00
8,127,2000,1.230904198e-05,5.777866394e+00
16,127,2000,2.465534146e-05,5.769135269e+00
32,127,2000,5.141444347e-05,5.533075548e+00
64,127,2000,1.009194490e-04,5.637763638e+00
128,127,2000,2.003545355e-04,5.679532020e+00
1,511,2000,1.458244299e-05,3.153792545e+00
2,511,2000,2.202151500e-05,4.176824346e+00
4,511,2000,3.647098300e-05,5.044009918e+00
8,511,2000,6.907682901e-05,5.326243333e+00
16,511,2000,1.291793150e-04,5.696268013e+00
32,511,2000,2.530155375e-04,5.816559783e+00
64,511,2000,5.178952295e-04,5.683311667e+00
128,511,2000,1.152876863e-03,5.106113401e+00
256,511,2000,2.531553940e-03,4.650677125e+00
512,511,1528,4.935420372e-03,4.770997854e+00
1,2047,2000,6.726835651e-05,3.347339101e+00
2,2047,2000,1.082866150e-04,4.158778073e+00
4,2047,2000,1.772682635e-04,5.080886913e+00
8,2047,2000,3.263085470e-04,5.520419298e+00
16,2047,2000,6.335089075e-04,5.686928719e+00
32,2047,2000,1.375086305e-03,5.239991098e+00
64,2047,2000,2.839169850e-03,5.075737192e+00
128,2047,1526,5.575242144e-03,5.169597886e+00
256,2047,763,1.141929654e-02,5.047904641e+00
512,2047,381,2.335769672e-02,4.935719535e+00
1024,2047,190,5.432963412e-02,4.243983670e+00
2048,2047,95,1.164738245e-01,3.959242876e+00
1,8191,2000,3.225762835e-04,3.301017634e+00
2,8191,2000,5.241532200e-04,4.063048587e+00
4,8191,2000,8.347545935e-04,5.102481655e+00
8,8191,2000,1.660893892e-03,5.128948960e+00
16,8191,2000,3.232793420e-03,5.270141883e+00
32,8191,1526,6.435050530e-03,5.295150340e+00
64,8191,763,1.295090263e-02,5.262113533e+00
128,8191,381,2.569059232e-02,5.305375536e+00
256,8191,190,6.155544173e-02,4.428470861e+00
512,8191,95,1.304952348e-01,4.177876386e+00
1024,8191,47,2.624349111e-01,4.154881359e+00
2048,8191,23,5.336642295e-01,4.086411866e+00
4096,8191,11,1.120456676e+00,3.892648215e+00
