nbytes,nrep,t_oneway_min,t_oneway_avg
8,1000,2.128539000e-06,2.131523900e-06
16,1000,2.125888000e-06,2.128118700e-06
32,1000,2.167513500e-06,2.169090200e-06
64,1000,2.239019000e-06,2.260971100e-06
128,1000,2.297787000e-06,2.315087700e-06
256,1000,2.489002000e-06,2.605283100e-06
512,1000,2.597015000e-06,2.610300200e-06
1024,1000,3.049029000e-06,3.067889300e-06
2048,1000,3.364742000e-06,3.380280000e-06
4096,1000,4.044902500e-06,4.052974200e-06
8192,1000,8.195311000e-06,8.207956700e-06
16384,1000,8.877258500e-06,8.887748000e-06
32768,512,1.051290332e-05,1.052071641e-05
65536,256,1.354825195e-05,1.357061289e-05
131072,128,1.890701172e-05,1.893112266e-05
262144,64,2.965139063e-05,2.967116719e-05
524288,32,5.115654688e-05,5.117841563e-05
1048576,16,9.407371875e-05,9.409393750e-05
2097152,8,1.800186875e-04,1.800338375e-04
4194304,4,3.518397500e-04,3.518616750e-04
8388608,4,6.955398750e-04,6.956529500e-04
16777216,4,1.382885125e-03,1.382964375e-03
33554432,4,2.757288000e-03,2.757373875e-03
67108864,4,5.505978250e-03,5.512493850e-03
134217728,4,1.100320837e-02,1.100335900e-02
