i,j,x,y,u,u_exact,error
1,1,0.03125,0.03125,0.019174493810903012,0.019122195469994011,5.229834091e-05
1,2,0.03125,0.0625,0.037612122577833022,0.037509535691926922,1.025868859e-04
1,3,0.03125,0.09375,0.054604338567218275,0.054455405492809028,1.489330744e-04
1,4,0.03125,0.125,0.069498140447931178,0.069308584599545725,1.895558484e-04
1,5,0.03125,0.15625,0.08172116776623628,0.081498273668823923,2.228940974e-04
1,6,0.03125,0.1875,0.090803696437043779,0.090556029785767642,2.476666513e-04
1,7,0.03125,0.21875,0.096396689977075345,0.096133768462450878,2.629215146e-04
1,8,0.03125,0.25,0.098285212781174441,0.098017140329560604,2.680724516e-04
1,9,0.03125,0.28125,0.096396689977075345,0.096133768462450878,2.629215146e-04
1,10,0.03125,0.3125,0.090803696437043779,0.090556029785767642,2.476666513e-04
1,11,0.03125,0.34375,0.08172116776623628,0.081498273668823951,2.228940974e-04
1,12,0.03125,0.375,0.069498140447931192,0.069308584599545739,1.895558484e-04
1,13,0.03125,0.40625,0.054604338567218288,0.054455405492809028,1.489330744e-04
1,14,0.03125,0.4375,0.037612122577833043,0.037509535691926929,1.025868859e-04
1,15,0.03125,0.46875,0.019174493810903019,0.019122195469994045,5.229834091e-05
1,16,0.03125,0.5,1.8867676170945628e-17,1.2003637716617333e-17,6.864038454e-18
1,17,0.03125,0.53125,-0.019174493810902995,-0.019122195469994021,-5.229834091e-05
1,18,0.03125,0.5625,-0.037612122577833002,-0.037509535691926908,-1.025868859e-04
1,19,0.03125,0.59375,-0.054604338567218261,-0.054455405492809007,-1.489330744e-04
1,20,0.03125,0.625,-0.069498140447931164,-0.069308584599545725,-1.895558484e-04
1,21,0.03125,0.65625,-0.081721167766236266,-0.081498273668823923,-2.228940974e-04
1,22,0.03125,0.6875,-0.090803696437043765,-0.090556029785767614,-2.476666513e-04
1,23,0.03125,0.71875,-0.096396689977075331,-0.096133768462450878,-2.629215146e-04
1,24,0.03125,0.75,-0.098285212781174427,-0.098017140329560604,-2.680724516e-04
1,25,0.03125,0.78125,-0.096396689977075345,-0.096133768462450878,-2.629215146e-04
1,26,0.03125,0.8125,-0.090803696437043779,-0.090556029785767628,-2.476666513e-04
1,27,0.03125,0.84375,-0.081721167766236266,-0.081498273668823951,-2.228940974e-04
1,28,0.03125,0.875,-0.069498140447931178,-0.069308584599545753,-1.895558484e-04
1,29,0.03125,0.90625,-0.054604338567218275,-0.054455405492809028,-1.489330744e-04
1,30,0.03125,0.9375,-0.037612122577833036,-0.037509535691926978,-1.025868859e-04
1,31,0.03125,0.96875,-0.019174493810903005,-0.019122195469994056,-5.229834091e-05
2,1,0.0625,0.03125,0.038164326764562474,0.038060233744356617,1.040930202e-04
2,2,0.0625,0.0625,0.074862019854363832,0.074657834050342597,2.041858040e-04
2,3,0.0625,0.09375,0.1086828075042664,0.1083863756623696,2.964318419e-04
2,4,0.0625,0.125,0.13832697581180065,0.13794968964147147,3.772861703e-04
2,5,0.0625,0.15625,0.16265531601354916,0.16221167441072887,4.436416028e-04
2,6,0.0625,0.1875,0.18073290363904906,0.18023995550173696,4.929481373e-04
2,7,0.0625,0.21875,0.1918650271338804,0.19134171618254486,5.233109513e-04
2,8,0.0625,0.25,0.19562388523510355,0.19509032201612825,5.335632190e-04
2,9,0.0625,0.28125,0.19186502713388037,0.19134171618254486,5.233109513e-04
2,10,0.0625,0.3125,0.18073290363904906,0.18023995550173696,4.929481373e-04
2,11,0.0625,0.34375,0.16265531601354918,0.1622116744107289,4.436416028e-04
2,12,0.0625,0.375,0.13832697581180067,0.1379496896414715,3.772861703e-04
2,13,0.0625,0.40625,0.10868280750426643,0.1083863756623696,2.964318419e-04
2,14,0.0625,0.4375,0.074862019854363859,0.074657834050342625,2.041858040e-04
2,15,0.0625,0.46875,0.038164326764562502,0.038060233744356686,1.040930202e-04
2,16,0.0625,0.5,3.7556556259436026e-17,2.3891673840167787e-17,1.366488242e-17
2,17,0.0625,0.53125,-0.03816432676456244,-0.038060233744356638,-1.040930202e-04
2,18,0.0625,0.5625,-0.07486201985436379,-0.074657834050342584,-2.041858040e-04
2,19,0.0625,0.59375,-0.10868280750426637,-0.10838637566236956,-2.964318419e-04
2,20,0.0625,0.625,-0.13832697581180062,-0.13794968964147147,-3.772861703e-04
2,21,0.0625,0.65625,-0.16265531601354913,-0.16221167441072887,-4.436416028e-04
2,22,0.0625,0.6875,-0.18073290363904904,-0.18023995550173691,-4.929481373e-04
2,23,0.0625,0.71875,-0.19186502713388037,-0.19134171618254484,-5.233109513e-04
2,24,0.0625,0.75,-0.19562388523510352,-0.19509032201612825,-5.335632190e-04
2,25,0.0625,0.78125,-0.19186502713388037,-0.19134171618254486,-5.233109513e-04
2,26,0.0625,0.8125,-0.18073290363904906,-0.18023995550173694,-4.929481373e-04
2,27,0.0625,0.84375,-0.16265531601354916,-0.1622116744107289,-4.436416028e-04
2,28,0.0625,0.875,-0.13832697581180065,-0.13794968964147153,-3.772861703e-04
2,29,0.0625,0.90625,-0.1086828075042664,-0.1083863756623696,-2.964318419e-04
2,30,0.0625,0.9375,-0.074862019854363845,-0.074657834050342722,-2.041858040e-04
2,31,0.0625,0.96875,-0.038164326764562474,-0.038060233744356707,-1.040930202e-04
3,1,0.09375,0.03125,0.056786616388736014,0.056631731161920919,1.548852268e-04
3,2,0.09375,0.0625,0.11139095495595426,0.11108713665472995,3.038183012e-04
3,3,0.09375,0.09375,0.16171460159298243,0.16127352578428164,4.410758087e-04
3,4,0.09375,0.125,0.20582364678138562,0.20526226376117865,5.613830202e-04
3,5,0.09375,0.15625,0.24202300465121118,0.24136288805413728,6.601165971e-04
3,6,0.09375,0.1875,0.26892155418035529,0.26818807191704241,7.334822633e-04
3,7,0.09375,0.21875,0.28548559919529348,0.28470693857777907,7.786606175e-04
3,8,0.09375,0.25,0.29107859273532499,0.29028467725446233,7.939154809e-04
3,9,0.09375,0.28125,0.28548559919529348,0.28470693857777907,7.786606175e-04
3,10,0.09375,0.3125,0.26892155418035529,0.26818807191704241,7.334822633e-04
3,11,0.09375,0.34375,0.24202300465121118,0.24136288805413733,6.601165971e-04
3,12,0.09375,0.375,0.20582364678138568,0.20526226376117868,5.613830202e-04
3,13,0.09375,0.40625,0.16171460159298245,0.16127352578428164,4.410758087e-04
3,14,0.09375,0.4375,0.1113909549559543,0.11108713665472998,3.038183012e-04
3,15,0.09375,0.46875,0.056786616388736048,0.056631731161921023,1.548852268e-04
3,16,0.09375,0.5,5.5882471744005117e-17,3.5549620084119979e-17,2.033285166e-17
3,17,0.09375,0.53125,-0.056786616388735958,-0.056631731161920947,-1.548852268e-04
3,18,0.09375,0.5625,-0.11139095495595421,-0.11108713665472993,-3.038183012e-04
3,19,0.09375,0.59375,-0.16171460159298237,-0.16127352578428159,-4.410758087e-04
3,20,0.09375,0.625,-0.20582364678138557,-0.20526226376117865,-5.613830202e-04
3,21,0.09375,0.65625,-0.24202300465121113,-0.24136288805413728,-6.601165971e-04
3,22,0.09375,0.6875,-0.26892155418035524,-0.26818807191704236,-7.334822633e-04
3,23,0.09375,0.71875,-0.28548559919529343,-0.28470693857777907,-7.786606175e-04
3,24,0.09375,0.75,-0.29107859273532499,-0.29028467725446233,-7.939154809e-04
3,25,0.09375,0.78125,-0.28548559919529348,-0.28470693857777907,-7.786606175e-04
3,26,0.09375,0.8125,-0.26892155418035529,-0.26818807191704236,-7.334822633e-04
3,27,0.09375,0.84375,-0.24202300465121113,-0.24136288805413733,-6.601165971e-04
3,28,0.09375,0.875,-0.20582364678138562,-0.2052622637611787,-5.613830202e-04
3,29,0.09375,0.90625,-0.1617146015929824,-0.16127352578428164,-4.410758087e-04
3,30,0.09375,0.9375,-0.11139095495595426,-0.11108713665473013,-3.038183012e-04
3,31,0.09375,0.96875,-0.056786616388736,-0.056631731161921051,-1.548852268e-04
4,1,0.125,0.03125,0.074862019854363832,0.074657834050342597,2.041858040e-04
4,2,0.125,0.0625,0.14684713426882884,0.14644660940672624,4.005248621e-04
4,3,0.125,0.09375,0.21318899566616445,0.2126075236918141,5.814719744e-04
4,4,0.125,0.125,0.2713381235178155,0.27059805007309845,7.400734447e-04
4,5,0.125,0.15625,0.31905987945084968,0.31818964514320847,8.702343076e-04
4,6,0.125,0.1875,0.35452034314742947,0.35355339059327379,9.669525542e-04
4,7,0.125,0.21875,0.37635678887415258,0.37533027751786524,1.026511356e-03
4,8,0.125,0.25,0.38373005426776075,0.38268343236508978,1.046621903e-03
4,9,0.125,0.28125,0.37635678887415253,0.37533027751786524,1.026511356e-03
4,10,0.125,0.3125,0.35452034314742947,0.35355339059327379,9.669525542e-04
4,11,0.125,0.34375,0.31905987945084974,0.31818964514320858,8.702343076e-04
4,12,0.125,0.375,0.27133812351781555,0.27059805007309851,7.400734447e-04
4,13,0.125,0.40625,0.2131889956661645,0.2126075236918141,5.814719744e-04
4,14,0.125,0.4375,0.14684713426882889,0.1464466094067263,4.005248621e-04
4,15,0.125,0.46875,0.074862019854363873,0.074657834050342736,2.041858040e-04
4,16,0.125,0.5,7.3704091735809608e-17,4.6865204053262986e-17,2.683888768e-17
4,17,0.125,0.53125,-0.074862019854363762,-0.074657834050342639,-2.041858040e-04
4,18,0.125,0.5625,-0.14684713426882876,-0.14644660940672621,-4.005248621e-04
4,19,0.125,0.59375,-0.21318899566616439,-0.21260752369181402,-5.814719744e-04
4,20,0.125,0.625,-0.27133812351781544,-0.27059805007309845,-7.400734447e-04
4,21,0.125,0.65625,-0.31905987945084963,-0.31818964514320847,-8.702343076e-04
4,22,0.125,0.6875,-0.35452034314742942,-0.35355339059327368,-9.669525542e-04
4,23,0.125,0.71875,-0.37635678887415253,-0.37533027751786519,-1.026511356e-03
4,24,0.125,0.75,-0.38373005426776069,-0.38268343236508978,-1.046621903e-03
4,25,0.125,0.78125,-0.37635678887415253,-0.37533027751786524,-1.026511356e-03
4,26,0.125,0.8125,-0.35452034314742947,-0.35355339059327373,-9.669525542e-04
4,27,0.125,0.84375,-0.31905987945084968,-0.31818964514320858,-8.702343076e-04
4,28,0.125,0.875,-0.2713381235178155,-0.27059805007309856,-7.400734447e-04
4,29,0.125,0.90625,-0.21318899566616445,-0.2126075236918141,-5.814719744e-04
4,30,0.125,0.9375,-0.14684713426882887,-0.14644660940672649,-4.005248621e-04
4,31,0.125,0.96875,-0.074862019854363818,-0.074657834050342778,-2.041858040e-04
5,1,0.15625,0.03125,0.092216461145051276,0.091964941184735943,2.515199603e-04
5,2,0.15625,0.0625,0.18088909540388545,0.18039572125427569,4.933741496e-04
5,3,0.15625,0.09375,0.2626102631701217,0.26189399492309962,7.162682470e-04
5,4,0.15625,0.125,0.3342394657962624,0.33332782923887322,9.116365574e-04
5,5,0.15625,0.15625,0.39302403319550472,0.3919520620093972,1.071971186e-03
5,6,0.15625,0.1875,0.43670490740946089,0.43551379684614877,1.191110563e-03
5,7,0.15625,0.21875,0.46360345693860505,0.46233898070905394,1.264476230e-03
5,8,0.15625,0.25,0.47268598560941255,0.47139673682599764,1.289248783e-03
5,9,0.15625,0.28125,0.46360345693860505,0.46233898070905394,1.264476230e-03
5,10,0.15625,0.3125,0.43670490740946089,0.43551379684614877,1.191110563e-03
5,11,0.15625,0.34375,0.39302403319550483,0.39195206200939731,1.071971186e-03
5,12,0.15625,0.375,0.33423946579626257,0.33332782923887327,9.116365574e-04
5,13,0.15625,0.40625,0.26261026317012182,0.26189399492309962,7.162682470e-04
5,14,0.15625,0.4375,0.18088909540388551,0.18039572125427575,4.933741496e-04
5,15,0.15625,0.46875,0.092216461145051318,0.09196494118473611,2.515199603e-04
5,16,0.15625,0.5,9.0850014578931117e-17,5.7729450488246528e-17,3.312056409e-17
5,17,0.15625,0.53125,-0.092216461145051193,-0.091964941184735999,-2.515199603e-04
5,18,0.15625,0.5625,-0.18088909540388537,-0.18039572125427564,-4.933741496e-04
5,19,0.15625,0.59375,-0.26261026317012165,-0.2618939949230995,-7.162682470e-04
5,20,0.15625,0.625,-0.33423946579626235,-0.33332782923887322,-9.116365574e-04
5,21,0.15625,0.65625,-0.39302403319550466,-0.3919520620093972,-1.071971186e-03
5,22,0.15625,0.6875,-0.43670490740946083,-0.43551379684614866,-1.191110563e-03
5,23,0.15625,0.71875,-0.463603456938605,-0.46233898070905388,-1.264476230e-03
5,24,0.15625,0.75,-0.4726859856094125,-0.47139673682599764,-1.289248783e-03
5,25,0.15625,0.78125,-0.46360345693860505,-0.46233898070905394,-1.264476230e-03
5,26,0.15625,0.8125,-0.43670490740946083,-0.43551379684614872,-1.191110563e-03
5,27,0.15625,0.84375,-0.39302403319550472,-0.39195206200939731,-1.071971186e-03
5,28,0.15625,0.875,-0.33423946579626246,-0.33332782923887333,-9.116365574e-04
5,29,0.15625,0.90625,-0.2626102631701217,-0.26189399492309962,-7.162682470e-04
5,30,0.15625,0.9375,-0.18088909540388545,-0.18039572125427597,-4.933741496e-04
5,31,0.15625,0.96875,-0.092216461145051248,-0.091964941184736165,-2.515199603e-04
6,1,0.1875,0.03125,0.10868280750426638,0.1083863756623696,2.964318419e-04
6,2,0.1875,0.0625,0.21318899566616448,0.2126075236918141,5.814719744e-04
6,3,0.1875,0.09375,0.30950245028237799,0.30865828381745508,8.441664649e-04
6,4,0.1875,0.125,0.39392189930521349,0.39284747919355101,1.074420112e-03
6,5,0.1875,0.15625,0.46320315065169593,0.46193976625564331,1.263384396e-03
6,6,0.1875,0.1875,0.51468376468595323,0.51327996715933666,1.403797527e-03
6,7,0.1875,0.21875,0.54638537028130985,0.54489510677581854,1.490263505e-03
6,8,0.1875,0.25,0.55708969251320162,0.55557023301960218,1.519459494e-03
6,9,0.1875,0.28125,0.54638537028130985,0.54489510677581854,1.490263505e-03
6,10,0.1875,0.3125,0.51468376468595323,0.51327996715933666,1.403797527e-03
6,11,0.1875,0.34375,0.46320315065169593,0.46193976625564348,1.263384396e-03
6,12,0.1875,0.375,0.3939218993052136,0.39284747919355106,1.074420112e-03
6,13,0.1875,0.40625,0.30950245028237811,0.30865828381745508,8.441664649e-04
6,14,0.1875,0.4375,0.21318899566616456,0.21260752369181415,5.814719744e-04
6,15,0.1875,0.46875,0.10868280750426647,0.10838637566236979,2.964318419e-04
6,16,0.1875,0.5,1.0722253697280932e-16,6.8037730756900496e-17,3.918480622e-17
6,17,0.1875,0.53125,-0.10868280750426627,-0.10838637566236965,-2.964318419e-04
6,18,0.1875,0.5625,-0.21318899566616437,-0.21260752369181404,-5.814719744e-04
6,19,0.1875,0.59375,-0.30950245028237788,-0.30865828381745491,-8.441664649e-04
6,20,0.1875,0.625,-0.39392189930521337,-0.39284747919355101,-1.074420112e-03
6,21,0.1875,0.65625,-0.46320315065169587,-0.46193976625564331,-1.263384396e-03
6,22,0.1875,0.6875,-0.51468376468595312,-0.51327996715933655,-1.403797527e-03
6,23,0.1875,0.71875,-0.54638537028130973,-0.54489510677581854,-1.490263505e-03
6,24,0.1875,0.75,-0.55708969251320162,-0.55557023301960218,-1.519459494e-03
6,25,0.1875,0.78125,-0.54638537028130985,-0.54489510677581854,-1.490263505e-03
6,26,0.1875,0.8125,-0.51468376468595323,-0.51327996715933666,-1.403797527e-03
6,27,0.1875,0.84375,-0.46320315065169582,-0.46193976625564348,-1.263384396e-03
6,28,0.1875,0.875,-0.39392189930521349,-0.39284747919355112,-1.074420112e-03
6,29,0.1875,0.90625,-0.30950245028237799,-0.30865828381745508,-8.441664649e-04
6,30,0.1875,0.9375,-0.21318899566616448,-0.21260752369181443,-5.814719744e-04
6,31,0.1875,0.96875,-0.10868280750426637,-0.10838637566236986,-2.964318419e-04
7,1,0.21875,0.03125,0.1241024790151494,0.12376399009235475,3.384889228e-04
7,2,0.21875,0.0625,0.24343576935921862,0.24277179945310562,6.639699061e-04
7,3,0.21875,0.09375,0.35341395960716537,0.35245002470886722,9.639348983e-04
7,4,0.21875,0.125,0.44981064958424061,0.44858379317131808,1.226856413e-03
7,5,0.21875,0.15625,0.52892136855451199,0.52747873803088474,1.442630524e-03
7,6,0.21875,0.1875,0.58770593595375431,0.58610297080140872,1.602965152e-03
7,7,0.21875,0.21875,0.62390529382357973,0.62220359509436729,1.701698729e-03
7,8,0.21875,0.25,0.63612832114188489,0.63439328416364549,1.735036978e-03
7,9,0.21875,0.28125,0.62390529382357973,0.62220359509436729,1.701698729e-03
7,10,0.21875,0.3125,0.58770593595375431,0.58610297080140872,1.602965152e-03
7,11,0.21875,0.34375,0.52892136855451199,0.52747873803088485,1.442630524e-03
7,12,0.21875,0.375,0.44981064958424072,0.44858379317131819,1.226856413e-03
7,13,0.21875,0.40625,0.35341395960716548,0.35245002470886722,9.639348983e-04
7,14,0.21875,0.4375,0.24343576935921871,0.24277179945310567,6.639699061e-04
7,15,0.21875,0.46875,0.12410247901514947,0.12376399009235498,3.384889228e-04
7,16,0.21875,0.5,1.2256551114688768e-16,7.7690770485158574e-17,4.487474066e-17
7,17,0.21875,0.53125,-0.12410247901514927,-0.12376399009235482,-3.384889228e-04
7,18,0.21875,0.5625,-0.24343576935921851,-0.24277179945310554,-6.639699061e-04
7,19,0.21875,0.59375,-0.35341395960716526,-0.3524500247088671,-9.639348983e-04
7,20,0.21875,0.625,-0.4498106495842405,-0.44858379317131808,-1.226856413e-03
7,21,0.21875,0.65625,-0.52892136855451188,-0.52747873803088474,-1.442630524e-03
7,22,0.21875,0.6875,-0.5877059359537542,-0.5861029708014085,-1.602965152e-03
7,23,0.21875,0.71875,-0.62390529382357962,-0.62220359509436718,-1.701698729e-03
7,24,0.21875,0.75,-0.63612832114188489,-0.63439328416364549,-1.735036978e-03
7,25,0.21875,0.78125,-0.62390529382357973,-0.62220359509436729,-1.701698729e-03
7,26,0.21875,0.8125,-0.58770593595375431,-0.58610297080140861,-1.602965152e-03
7,27,0.21875,0.84375,-0.52892136855451199,-0.52747873803088485,-1.442630524e-03
7,28,0.21875,0.875,-0.44981064958424061,-0.44858379317131825,-1.226856413e-03
7,29,0.21875,0.90625,-0.35341395960716537,-0.35245002470886722,-9.639348983e-04
7,30,0.21875,0.9375,-0.24343576935921862,-0.24277179945310601,-6.639699061e-04
7,31,0.21875,0.96875,-0.12410247901514937,-0.12376399009235504,-3.384889228e-04
8,1,0.25,0.03125,0.13832697581180062,0.13794968964147147,3.772861703e-04
8,2,0.25,0.0625,0.2713381235178155,0.27059805007309845,7.400734447e-04
8,3,0.25,0.09375,0.39392189930521337,0.39284747919355101,1.074420112e-03
8,4,0.25,0.125,0.5013674774162582,0.49999999999999989,1.367477416e-03
8,5,0.25,0.15625,0.58954578454031692,0.58793780120967931,1.607983331e-03
8,6,0.25,0.1875,0.65506817778557624,0.65328148243818818,1.786695347e-03
8,7,0.25,0.21875,0.69541666832500215,0.69351992266107365,1.896745664e-03
8,8,0.25,0.25,0.70904068629485884,0.70710678118654746,1.933905108e-03
8,9,0.25,0.28125,0.69541666832500215,0.69351992266107365,1.896745664e-03
8,10,0.25,0.3125,0.65506817778557613,0.65328148243818818,1.786695347e-03
8,11,0.25,0.34375,0.58954578454031692,0.58793780120967942,1.607983331e-03
8,12,0.25,0.375,0.50136747741625831,0.5,1.367477416e-03
8,13,0.25,0.40625,0.39392189930521354,0.39284747919355101,1.074420112e-03
8,14,0.25,0.4375,0.27133812351781555,0.27059805007309856,7.400734447e-04
8,15,0.25,0.46875,0.13832697581180067,0.13794968964147172,3.772861703e-04
8,16,0.25,0.5,1.3668170222456985e-16,8.6595605623549316e-17,5.008609660e-17
8,17,0.25,0.53125,-0.13832697581180048,-0.13794968964147156,-3.772861703e-04
8,18,0.25,0.5625,-0.27133812351781539,-0.2705980500730984,-7.400734447e-04
8,19,0.25,0.59375,-0.39392189930521326,-0.39284747919355084,-1.074420112e-03
8,20,0.25,0.625,-0.50136747741625809,-0.49999999999999989,-1.367477416e-03
8,21,0.25,0.65625,-0.58954578454031681,-0.58793780120967931,-1.607983331e-03
8,22,0.25,0.6875,-0.65506817778557613,-0.65328148243818807,-1.786695347e-03
8,23,0.25,0.71875,-0.69541666832500204,-0.69351992266107354,-1.896745664e-03
8,24,0.25,0.75,-0.70904068629485872,-0.70710678118654746,-1.933905108e-03
8,25,0.25,0.78125,-0.69541666832500215,-0.69351992266107365,-1.896745664e-03
8,26,0.25,0.8125,-0.65506817778557613,-0.65328148243818807,-1.786695347e-03
8,27,0.25,0.84375,-0.58954578454031692,-0.58793780120967942,-1.607983331e-03
8,28,0.25,0.875,-0.5013674774162582,-0.50000000000000011,-1.367477416e-03
8,29,0.25,0.90625,-0.39392189930521343,-0.39284747919355101,-1.074420112e-03
8,30,0.25,0.9375,-0.27133812351781544,-0.27059805007309889,-7.400734447e-04
8,31,0.25,0.96875,-0.13832697581180059,-0.13794968964147181,-3.772861703e-04
9,1,0.28125,0.03125,0.15121930821416746,0.15080685826836965,4.124499458e-04
9,2,0.28125,0.0625,0.29662734321842943,0.29581829354694633,8.090496715e-04
9,3,0.28125,0.09375,0.4306361557733378,0.42946159770132414,1.174558072e-03
9,4,0.28125,0.125,0.54809586236541508,0.54660093350087868,1.494928865e-03
9,5,0.28125,0.15625,0.64449255234249048,0.6427347019633296,1.757850379e-03
9,6,0.28125,0.1875,0.71612175496863129,0.71416853627910326,1.953218690e-03
9,7,0.28125,0.21875,0.76023080015703437,0.75815727425600032,2.073525901e-03
9,8,0.28125,0.25,0.77512460203774736,0.77301045336273699,2.114148675e-03
9,9,0.28125,0.28125,0.76023080015703437,0.75815727425600032,2.073525901e-03
9,10,0.28125,0.3125,0.71612175496863117,0.71416853627910326,1.953218690e-03
9,11,0.28125,0.34375,0.64449255234249059,0.64273470196332982,1.757850379e-03
9,12,0.28125,0.375,0.5480958623654153,0.54660093350087879,1.494928865e-03
9,13,0.28125,0.40625,0.4306361557733378,0.42946159770132414,1.174558072e-03
9,14,0.28125,0.4375,0.29662734321842948,0.29581829354694644,8.090496715e-04
9,15,0.28125,0.46875,0.15121930821416749,0.15080685826836993,4.124499458e-04
9,16,0.28125,0.5,1.4943257957502717e-16,9.4666477741812022e-17,5.476610183e-17
9,17,0.28125,0.53125,-0.15121930821416732,-0.15080685826836973,-4.124499458e-04
9,18,0.28125,0.5625,-0.29662734321842926,-0.29581829354694628,-8.090496715e-04
9,19,0.28125,0.59375,-0.43063615577333769,-0.42946159770132392,-1.174558072e-03
9,20,0.28125,0.625,-0.54809586236541497,-0.54660093350087868,-1.494928865e-03
9,21,0.28125,0.65625,-0.64449255234249037,-0.6427347019633296,-1.757850379e-03
9,22,0.28125,0.6875,-0.71612175496863117,-0.71416853627910315,-1.953218690e-03
9,23,0.28125,0.71875,-0.76023080015703426,-0.75815727425600021,-2.073525901e-03
9,24,0.28125,0.75,-0.77512460203774725,-0.77301045336273699,-2.114148675e-03
9,25,0.28125,0.78125,-0.76023080015703437,-0.75815727425600032,-2.073525901e-03
9,26,0.28125,0.8125,-0.71612175496863117,-0.71416853627910315,-1.953218690e-03
9,27,0.28125,0.84375,-0.64449255234249048,-0.64273470196332982,-1.757850379e-03
9,28,0.28125,0.875,-0.54809586236541519,-0.5466009335008789,-1.494928865e-03
9,29,0.28125,0.90625,-0.43063615577333769,-0.42946159770132414,-1.174558072e-03
9,30,0.28125,0.9375,-0.29662734321842943,-0.29581829354694683,-8.090496715e-04
9,31,0.28125,0.96875,-0.15121930821416738,-0.15080685826837001,-4.124499458e-04
10,1,0.3125,0.03125,0.16265531601354916,0.16221167441072887,4.436416028e-04
10,2,0.3125,0.0625,0.31905987945084968,0.31818964514320847,8.702343076e-04
10,3,0.3125,0.09375,0.46320315065169593,0.46193976625564331,1.263384396e-03
10,4,0.3125,0.125,0.58954578454031703,0.58793780120967931,1.607983331e-03
10,5,0.3125,0.15625,0.69323250455013885,0.69134171618254492,1.890788368e-03
10,6,0.3125,0.1875,0.77027868817936618,0.7681777567114163,2.100931468e-03
10,7,0.3125,0.21875,0.81772349379912546,0.8154931568489171,2.230336950e-03
10,8,0.3125,0.25,0.83374364413680291,0.83146961230254524,2.274031834e-03
10,9,0.3125,0.28125,0.81772349379912534,0.8154931568489171,2.230336950e-03
10,10,0.3125,0.3125,0.77027868817936618,0.7681777567114163,2.100931468e-03
10,11,0.3125,0.34375,0.69323250455013896,0.69134171618254503,1.890788368e-03
10,12,0.3125,0.375,0.58954578454031714,0.58793780120967942,1.607983331e-03
10,13,0.3125,0.40625,0.46320315065169604,0.46193976625564331,1.263384396e-03
10,14,0.3125,0.4375,0.31905987945084979,0.31818964514320858,8.702343076e-04
10,15,0.3125,0.46875,0.16265531601354927,0.16221167441072917,4.436416028e-04
10,16,0.3125,0.5,1.6073893133571082e-16,1.0182565992946028e-16,5.891327141e-17
10,17,0.3125,0.53125,-0.16265531601354899,-0.16221167441072895,-4.436416028e-04
10,18,0.3125,0.5625,-0.31905987945084952,-0.31818964514320841,-8.702343076e-04
10,19,0.3125,0.59375,-0.46320315065169576,-0.46193976625564315,-1.263384396e-03
10,20,0.3125,0.625,-0.58954578454031692,-0.58793780120967931,-1.607983331e-03
10,21,0.3125,0.65625,-0.69323250455013874,-0.69134171618254492,-1.890788368e-03
10,22,0.3125,0.6875,-0.77027868817936607,-0.76817775671141608,-2.100931468e-03
10,23,0.3125,0.71875,-0.81772349379912534,-0.81549315684891699,-2.230336950e-03
10,24,0.3125,0.75,-0.8337436441368028,-0.83146961230254524,-2.274031834e-03
10,25,0.3125,0.78125,-0.81772349379912534,-0.8154931568489171,-2.230336950e-03
10,26,0.3125,0.8125,-0.77027868817936618,-0.76817775671141619,-2.100931468e-03
10,27,0.3125,0.84375,-0.69323250455013885,-0.69134171618254503,-1.890788368e-03
10,28,0.3125,0.875,-0.58954578454031703,-0.58793780120967953,-1.607983331e-03
10,29,0.3125,0.90625,-0.46320315065169593,-0.46193976625564331,-1.263384396e-03
10,30,0.3125,0.9375,-0.31905987945084974,-0.31818964514320902,-8.702343076e-04
10,31,0.3125,0.96875,-0.16265531601354913,-0.16221167441072926,-4.436416028e-04
11,1,0.34375,0.03125,0.17252486420328003,0.17205430345459152,4.705607487e-04
11,2,0.34375,0.0625,0.33841969462828647,0.33749665651658817,9.230381117e-04
11,3,0.34375,0.09375,0.49130924597667919,0.48996920233895774,1.340043638e-03
11,4,0.34375,0.125,0.6253180585315874,0.62361250649333555,1.705552038e-03
11,5,0.34375,0.15625,0.73529624877953426,0.7332907317490972,2.005517030e-03
11,6,0.34375,0.1875,0.81701741654577054,0.8147890054179211,2.228411128e-03
11,7,0.34375,0.21875,0.86734106318279869,0.86497539454747285,2.365668635e-03
11,8,0.34375,0.25,0.88433327917218385,0.88192126434835494,2.412014824e-03
11,9,0.34375,0.28125,0.86734106318279858,0.86497539454747285,2.365668635e-03
11,10,0.34375,0.3125,0.81701741654577054,0.8147890054179211,2.228411128e-03
11,11,0.34375,0.34375,0.73529624877953437,0.73329073174909742,2.005517030e-03
11,12,0.34375,0.375,0.62531805853158773,0.62361250649333555,1.705552038e-03
11,13,0.34375,0.40625,0.49130924597667924,0.48996920233895774,1.340043638e-03
11,14,0.34375,0.4375,0.33841969462828653,0.33749665651658828,9.230381117e-04
11,15,0.34375,0.46875,0.17252486420328011,0.17205430345459186,4.705607487e-04
11,16,0.34375,0.5,1.7035636249338295e-16,1.0800420534841997e-16,6.235215714e-17
11,17,0.34375,0.53125,-0.17252486420327987,-0.17205430345459163,-4.705607487e-04
11,18,0.34375,0.5625,-0.3384196946282863,-0.33749665651658806,-9.230381117e-04
11,19,0.34375,0.59375,-0.49130924597667902,-0.48996920233895752,-1.340043638e-03
11,20,0.34375,0.625,-0.62531805853158728,-0.62361250649333555,-1.705552038e-03
11,21,0.34375,0.65625,-0.73529624877953415,-0.7332907317490972,-2.005517030e-03
11,22,0.34375,0.6875,-0.81701741654577043,-0.81478900541792088,-2.228411128e-03
11,23,0.34375,0.71875,-0.86734106318279858,-0.86497539454747274,-2.365668635e-03
11,24,0.34375,0.75,-0.88433327917218374,-0.88192126434835494,-2.412014824e-03
11,25,0.34375,0.78125,-0.86734106318279858,-0.86497539454747285,-2.365668635e-03
11,26,0.34375,0.8125,-0.81701741654577043,-0.81478900541792099,-2.228411128e-03
11,27,0.34375,0.84375,-0.73529624877953426,-0.73329073174909742,-2.005517030e-03
11,28,0.34375,0.875,-0.62531805853158751,-0.62361250649333566,-1.705552038e-03
11,29,0.34375,0.90625,-0.49130924597667913,-0.48996920233895774,-1.340043638e-03
11,30,0.34375,0.9375,-0.33841969462828647,-0.33749665651658867,-9.230381117e-04
11,31,0.34375,0.96875,-0.17252486420327998,-0.17205430345459194,-4.705607487e-04
12,1,0.375,0.03125,0.18073290363904906,0.18023995550173696,4.929481373e-04
12,2,0.375,0.0625,0.35452034314742947,0.35355339059327379,9.669525542e-04
12,3,0.375,0.09375,0.51468376468595323,0.51327996715933666,1.403797527e-03
12,4,0.375,0.125,0.65506817778557613,0.65328148243818818,1.786695347e-03
12,5,0.375,0.15625,0.77027868817936596,0.7681777567114163,2.100931468e-03
12,6,0.375,0.1875,0.85588782056368773,0.85355339059327373,2.334429970e-03
12,7,0.375,0.21875,0.90860566399116649,0.90612744635288778,2.478217638e-03
12,8,0.375,0.25,0.92640630130339163,0.92387953251128674,2.526768792e-03
12,9,0.375,0.28125,0.90860566399116649,0.90612744635288778,2.478217638e-03
12,10,0.375,0.3125,0.85588782056368773,0.85355339059327373,2.334429970e-03
12,11,0.375,0.34375,0.77027868817936618,0.76817775671141653,2.100931468e-03
12,12,0.375,0.375,0.65506817778557636,0.65328148243818829,1.786695347e-03
12,13,0.375,0.40625,0.51468376468595334,0.51327996715933666,1.403797527e-03
12,14,0.375,0.4375,0.35452034314742958,0.35355339059327384,9.669525542e-04
12,15,0.375,0.46875,0.18073290363904915,0.1802399555017373,4.929481373e-04
12,16,0.375,0.5,1.7833162458388971e-16,1.1314261122877003e-16,6.518901336e-17
12,17,0.375,0.53125,-0.1807329036390489,-0.18023995550173705,-4.929481373e-04
12,18,0.375,0.5625,-0.35452034314742931,-0.35355339059327368,-9.669525542e-04
12,19,0.375,0.59375,-0.51468376468595312,-0.51327996715933655,-1.403797527e-03
12,20,0.375,0.625,-0.65506817778557602,-0.65328148243818818,-1.786695347e-03
12,21,0.375,0.65625,-0.77027868817936584,-0.7681777567114163,-2.100931468e-03
12,22,0.375,0.6875,-0.85588782056368762,-0.85355339059327351,-2.334429970e-03
12,23,0.375,0.71875,-0.90860566399116638,-0.90612744635288767,-2.478217638e-03
12,24,0.375,0.75,-0.92640630130339152,-0.92387953251128674,-2.526768792e-03
12,25,0.375,0.78125,-0.90860566399116649,-0.90612744635288778,-2.478217638e-03
12,26,0.375,0.8125,-0.85588782056368762,-0.85355339059327362,-2.334429970e-03
12,27,0.375,0.84375,-0.77027868817936596,-0.76817775671141653,-2.100931468e-03
12,28,0.375,0.875,-0.65506817778557613,-0.6532814824381884,-1.786695347e-03
12,29,0.375,0.90625,-0.51468376468595312,-0.51327996715933666,-1.403797527e-03
12,30,0.375,0.9375,-0.35452034314742947,-0.35355339059327434,-9.669525542e-04
12,31,0.375,0.96875,-0.18073290363904901,-0.18023995550173738,-4.929481373e-04
13,1,0.40625,0.03125,0.1872003864141191,0.18668979824821852,5.105881659e-04
13,2,0.40625,0.0625,0.36720676696152971,0.36620521224660307,1.001554715e-03
13,3,0.40625,0.09375,0.53310159738653629,0.53164756530859969,1.454032078e-03
13,4,0.40625,0.125,0.67850963239079809,0.67665900058717632,1.850631804e-03
13,5,0.40625,0.15625,0.79784292273486745,0.79566680994792727,2.176112787e-03
13,6,0.40625,0.1875,0.88651555699370155,0.88409759001746702,2.417966976e-03
13,7,0.40625,0.21875,0.94111989556091979,0.93855299551027604,2.566900051e-03
13,8,0.40625,0.25,0.9595575243278498,0.95694033573220894,2.617188596e-03
13,9,0.40625,0.28125,0.94111989556091979,0.93855299551027604,2.566900051e-03
13,10,0.40625,0.3125,0.88651555699370155,0.88409759001746702,2.417966976e-03
13,11,0.40625,0.34375,0.79784292273486757,0.79566680994792749,2.176112787e-03
13,12,0.40625,0.375,0.67850963239079831,0.67665900058717643,1.850631804e-03
13,13,0.40625,0.40625,0.5331015973865364,0.53164756530859969,1.454032078e-03
13,14,0.40625,0.4375,0.36720676696152982,0.36620521224660318,1.001554715e-03
13,15,0.40625,0.46875,0.18720038641411918,0.18668979824821885,5.105881659e-04
13,16,0.40625,0.5,1.8440275806849929e-16,1.1719139191294432e-16,6.721136616e-17
13,17,0.40625,0.53125,-0.1872003864141189,-0.18668979824821863,-5.105881659e-04
13,18,0.40625,0.5625,-0.36720676696152954,-0.36620521224660296,-1.001554715e-03
13,19,0.40625,0.59375,-0.53310159738653606,-0.53164756530859947,-1.454032078e-03
13,20,0.40625,0.625,-0.67850963239079798,-0.67665900058717632,-1.850631804e-03
13,21,0.40625,0.65625,-0.79784292273486734,-0.79566680994792727,-2.176112787e-03
13,22,0.40625,0.6875,-0.88651555699370144,-0.88409759001746679,-2.417966976e-03
13,23,0.40625,0.71875,-0.94111989556091968,-0.93855299551027593,-2.566900051e-03
13,24,0.40625,0.75,-0.95955752432784969,-0.95694033573220894,-2.617188596e-03
13,25,0.40625,0.78125,-0.94111989556091979,-0.93855299551027604,-2.566900051e-03
13,26,0.40625,0.8125,-0.88651555699370144,-0.88409759001746691,-2.417966976e-03
13,27,0.40625,0.84375,-0.79784292273486734,-0.79566680994792749,-2.176112787e-03
13,28,0.40625,0.875,-0.67850963239079809,-0.67665900058717654,-1.850631804e-03
13,29,0.40625,0.90625,-0.53310159738653617,-0.53164756530859969,-1.454032078e-03
13,30,0.40625,0.9375,-0.36720676696152971,-0.36620521224660368,-1.001554715e-03
13,31,0.40625,0.96875,-0.18720038641411904,-0.18668979824821896,-5.105881659e-04
14,1,0.4375,0.03125,0.19186502713388034,0.19134171618254486,5.233109513e-04
14,2,0.4375,0.0625,0.37635678887415253,0.37533027751786524,1.026511356e-03
14,3,0.4375,0.09375,0.54638537028130985,0.54489510677581854,1.490263505e-03
14,4,0.4375,0.125,0.69541666832500204,0.69351992266107365,1.896745664e-03
14,5,0.4375,0.15625,0.81772349379912523,0.8154931568489171,2.230336950e-03
14,6,0.4375,0.1875,0.90860566399116649,0.90612744635288778,2.478217638e-03
14,7,0.4375,0.21875,0.96457062806795402,0.96193976625564337,2.630861812e-03
14,8,0.4375,0.25,0.98346768384553029,0.98078528040323043,2.682403442e-03
14,9,0.4375,0.28125,0.96457062806795391,0.96193976625564337,2.630861812e-03
14,10,0.4375,0.3125,0.9086056639911666,0.90612744635288778,2.478217638e-03
14,11,0.4375,0.34375,0.81772349379912546,0.81549315684891732,2.230336950e-03
14,12,0.4375,0.375,0.69541666832500226,0.69351992266107376,1.896745664e-03
14,13,0.4375,0.40625,0.54638537028130996,0.54489510677581854,1.490263505e-03
14,14,0.4375,0.4375,0.37635678887415264,0.37533027751786535,1.026511356e-03
14,15,0.4375,0.46875,0.19186502713388043,0.19134171618254522,5.233109513e-04
14,16,0.4375,0.5,1.8870373102893525e-16,1.2011155542966555e-16,6.859217560e-17
14,17,0.4375,0.53125,-0.19186502713388015,-0.19134171618254497,-5.233109513e-04
14,18,0.4375,0.5625,-0.37635678887415236,-0.37533027751786513,-1.026511356e-03
14,19,0.4375,0.59375,-0.54638537028130962,-0.54489510677581843,-1.490263505e-03
14,20,0.4375,0.625,-0.69541666832500193,-0.69351992266107365,-1.896745664e-03
14,21,0.4375,0.65625,-0.81772349379912512,-0.8154931568489171,-2.230336950e-03
14,22,0.4375,0.6875,-0.90860566399116638,-0.90612744635288756,-2.478217638e-03
14,23,0.4375,0.71875,-0.96457062806795391,-0.96193976625564326,-2.630861812e-03
14,24,0.4375,0.75,-0.98346768384553018,-0.98078528040323043,-2.682403442e-03
14,25,0.4375,0.78125,-0.96457062806795379,-0.96193976625564337,-2.630861812e-03
14,26,0.4375,0.8125,-0.90860566399116649,-0.90612744635288767,-2.478217638e-03
14,27,0.4375,0.84375,-0.81772349379912523,-0.81549315684891732,-2.230336950e-03
14,28,0.4375,0.875,-0.69541666832500204,-0.69351992266107387,-1.896745664e-03
14,29,0.4375,0.90625,-0.54638537028130973,-0.54489510677581854,-1.490263505e-03
14,30,0.4375,0.9375,-0.37635678887415253,-0.37533027751786585,-1.026511356e-03
14,31,0.4375,0.96875,-0.19186502713388029,-0.19134171618254533,-5.233109513e-04
15,1,0.46875,0.03125,0.1946819027582497,0.19415090879201144,5.309939662e-04
15,2,0.46875,0.0625,0.38188228917236877,0.38084070704022999,1.041582132e-03
15,3,0.46875,0.09375,0.55440715337564872,0.55289501049482148,1.512142881e-03
15,4,0.46875,0.125,0.70562646158981612,0.70370186876319107,1.924592827e-03
15,5,0.46875,0.15625,0.82972894060496549,0.82746585885554591,2.263081749e-03
15,6,0.46875,0.1875,0.92194540175001671,0.91943080004028188,2.514601710e-03
15,7,0.46875,0.21875,0.97873201813875277,0.97606253120220277,2.669486937e-03
15,8,0.46875,0.25,0.99790651194965574,0.99518472667219682,2.721785277e-03
15,9,0.46875,0.28125,0.97873201813875266,0.97606253120220277,2.669486937e-03
15,10,0.46875,0.3125,0.92194540175001682,0.91943080004028188,2.514601710e-03
15,11,0.46875,0.34375,0.82972894060496571,0.82746585885554613,2.263081749e-03
15,12,0.46875,0.375,0.70562646158981635,0.70370186876319119,1.924592827e-03
15,13,0.46875,0.40625,0.55440715337564894,0.55289501049482148,1.512142881e-03
15,14,0.46875,0.4375,0.38188228917236888,0.3808407070402301,1.041582132e-03
15,15,0.46875,0.46875,0.19468190275824979,0.1941509087920118,5.309939662e-04
15,16,0.46875,0.5,1.9137550690189704e-16,1.2187497900794394e-16,6.950052789e-17
15,17,0.46875,0.53125,-0.19468190275824951,-0.19415090879201155,-5.309939662e-04
15,18,0.46875,0.5625,-0.38188228917236861,-0.38084070704022988,-1.041582132e-03
15,19,0.46875,0.59375,-0.5544071533756485,-0.55289501049482126,-1.512142881e-03
15,20,0.46875,0.625,-0.70562646158981601,-0.70370186876319107,-1.924592827e-03
15,21,0.46875,0.65625,-0.82972894060496538,-0.82746585885554591,-2.263081749e-03
15,22,0.46875,0.6875,-0.9219454017500166,-0.91943080004028166,-2.514601710e-03
15,23,0.46875,0.71875,-0.97873201813875266,-0.97606253120220265,-2.669486937e-03
15,24,0.46875,0.75,-0.99790651194965563,-0.99518472667219682,-2.721785277e-03
15,25,0.46875,0.78125,-0.97873201813875255,-0.97606253120220277,-2.669486937e-03
15,26,0.46875,0.8125,-0.92194540175001671,-0.91943080004028177,-2.514601710e-03
15,27,0.46875,0.84375,-0.82972894060496549,-0.82746585885554613,-2.263081749e-03
15,28,0.46875,0.875,-0.70562646158981612,-0.7037018687631913,-1.924592827e-03
15,29,0.46875,0.90625,-0.55440715337564872,-0.55289501049482148,-1.512142881e-03
15,30,0.46875,0.9375,-0.38188228917236877,-0.3808407070402306,-1.041582132e-03
15,31,0.46875,0.96875,-0.19468190275824965,-0.19415090879201191,-5.309939662e-04
16,1,0.5,0.03125,0.19562388523510352,0.19509032201612825,5.335632190e-04
16,2,0.5,0.0625,0.38373005426776075,0.38268343236508978,1.046621903e-03
16,3,0.5,0.09375,0.55708969251320162,0.55557023301960218,1.519459494e-03
16,4,0.5,0.125,0.70904068629485895,0.70710678118654746,1.933905108e-03
16,5,0.5,0.15625,0.83374364413680291,0.83146961230254524,2.274031834e-03
16,6,0.5,0.1875,0.92640630130339163,0.92387953251128674,2.526768792e-03
16,7,0.5,0.21875,0.98346768384553052,0.98078528040323043,2.682403442e-03
16,8,0.5,0.25,1.0027349548325166,1,2.734954833e-03
16,9,0.5,0.28125,0.98346768384553029,0.98078528040323043,2.682403442e-03
16,10,0.5,0.3125,0.92640630130339174,0.92387953251128674,2.526768792e-03
16,11,0.5,0.34375,0.83374364413680291,0.83146961230254546,2.274031834e-03
16,12,0.5,0.375,0.70904068629485917,0.70710678118654757,1.933905108e-03
16,13,0.5,0.40625,0.55708969251320184,0.55557023301960218,1.519459494e-03
16,14,0.5,0.4375,0.38373005426776086,0.38268343236508989,1.046621903e-03
16,15,0.5,0.46875,0.19562388523510363,0.19509032201612861,5.335632190e-04
16,16,0.5,0.5,1.9213526054961265e-16,1.2246467991473532e-16,6.967058063e-17
16,17,0.5,0.53125,-0.19562388523510332,-0.19509032201612836,-5.335632190e-04
16,18,0.5,0.5625,-0.38373005426776058,-0.38268343236508967,-1.046621903e-03
16,19,0.5,0.59375,-0.5570896925132014,-0.55557023301960196,-1.519459494e-03
16,20,0.5,0.625,-0.70904068629485884,-0.70710678118654746,-1.933905108e-03
16,21,0.5,0.65625,-0.8337436441368028,-0.83146961230254524,-2.274031834e-03
16,22,0.5,0.6875,-0.92640630130339152,-0.92387953251128652,-2.526768792e-03
16,23,0.5,0.71875,-0.9834676838455304,-0.98078528040323032,-2.682403442e-03
16,24,0.5,0.75,-1.0027349548325166,-1,-2.734954833e-03
16,25,0.5,0.78125,-0.98346768384553018,-0.98078528040323043,-2.682403442e-03
16,26,0.5,0.8125,-0.92640630130339163,-0.92387953251128663,-2.526768792e-03
16,27,0.5,0.84375,-0.83374364413680269,-0.83146961230254546,-2.274031834e-03
16,28,0.5,0.875,-0.70904068629485895,-0.70710678118654768,-1.933905108e-03
16,29,0.5,0.90625,-0.55708969251320162,-0.55557023301960218,-1.519459494e-03
16,30,0.5,0.9375,-0.38373005426776075,-0.38268343236509039,-1.046621903e-03
16,31,0.5,0.96875,-0.19562388523510349,-0.19509032201612872,-5.335632190e-04
17,1,0.53125,0.03125,0.1946819027582497,0.19415090879201147,5.309939662e-04
17,2,0.53125,0.0625,0.38188228917236877,0.38084070704023004,1.041582132e-03
17,3,0.53125,0.09375,0.55440715337564872,0.55289501049482159,1.512142881e-03
17,4,0.53125,0.125,0.70562646158981612,0.70370186876319119,1.924592827e-03
17,5,0.53125,0.15625,0.82972894060496549,0.82746585885554602,2.263081749e-03
17,6,0.53125,0.1875,0.92194540175001671,0.91943080004028199,2.514601710e-03
17,7,0.53125,0.21875,0.97873201813875277,0.97606253120220288,2.669486937e-03
17,8,0.53125,0.25,0.99790651194965574,0.99518472667219693,2.721785277e-03
17,9,0.53125,0.28125,0.97873201813875266,0.97606253120220288,2.669486937e-03
17,10,0.53125,0.3125,0.92194540175001682,0.91943080004028199,2.514601710e-03
17,11,0.53125,0.34375,0.82972894060496571,0.82746585885554624,2.263081749e-03
17,12,0.53125,0.375,0.70562646158981635,0.7037018687631913,1.924592827e-03
17,13,0.53125,0.40625,0.55440715337564894,0.55289501049482159,1.512142881e-03
17,14,0.53125,0.4375,0.38188228917236888,0.38084070704023015,1.041582132e-03
17,15,0.53125,0.46875,0.19468190275824979,0.19415090879201183,5.309939662e-04
17,16,0.53125,0.5,1.9095108445099512e-16,1.2187497900794394e-16,6.907610544e-17
17,17,0.53125,0.53125,-0.19468190275824951,-0.19415090879201158,-5.309939662e-04
17,18,0.53125,0.5625,-0.38188228917236861,-0.38084070704022993,-1.041582132e-03
17,19,0.53125,0.59375,-0.5544071533756485,-0.55289501049482137,-1.512142881e-03
17,20,0.53125,0.625,-0.70562646158981601,-0.70370186876319119,-1.924592827e-03
17,21,0.53125,0.65625,-0.82972894060496538,-0.82746585885554602,-2.263081749e-03
17,22,0.53125,0.6875,-0.9219454017500166,-0.91943080004028177,-2.514601710e-03
17,23,0.53125,0.71875,-0.97873201813875266,-0.97606253120220277,-2.669486937e-03
17,24,0.53125,0.75,-0.99790651194965563,-0.99518472667219693,-2.721785277e-03
17,25,0.53125,0.78125,-0.97873201813875255,-0.97606253120220288,-2.669486937e-03
17,26,0.53125,0.8125,-0.92194540175001671,-0.91943080004028188,-2.514601710e-03
17,27,0.53125,0.84375,-0.82972894060496549,-0.82746585885554624,-2.263081749e-03
17,28,0.53125,0.875,-0.70562646158981612,-0.70370186876319141,-1.924592827e-03
17,29,0.53125,0.90625,-0.55440715337564872,-0.55289501049482159,-1.512142881e-03
17,30,0.53125,0.9375,-0.38188228917236877,-0.38084070704023065,-1.041582132e-03
17,31,0.53125,0.96875,-0.19468190275824965,-0.19415090879201194,-5.309939662e-04
18,1,0.5625,0.03125,0.19186502713388034,0.19134171618254486,5.233109513e-04
18,2,0.5625,0.0625,0.37635678887415253,0.37533027751786524,1.026511356e-03
18,3,0.5625,0.09375,0.54638537028130985,0.54489510677581854,1.490263505e-03
18,4,0.5625,0.125,0.69541666832500204,0.69351992266107365,1.896745664e-03
18,5,0.5625,0.15625,0.81772349379912523,0.8154931568489171,2.230336950e-03
18,6,0.5625,0.1875,0.90860566399116649,0.90612744635288778,2.478217638e-03
18,7,0.5625,0.21875,0.96457062806795402,0.96193976625564337,2.630861812e-03
18,8,0.5625,0.25,0.98346768384553029,0.98078528040323043,2.682403442e-03
18,9,0.5625,0.28125,0.96457062806795391,0.96193976625564337,2.630861812e-03
18,10,0.5625,0.3125,0.9086056639911666,0.90612744635288778,2.478217638e-03
18,11,0.5625,0.34375,0.81772349379912546,0.81549315684891732,2.230336950e-03
18,12,0.5625,0.375,0.69541666832500226,0.69351992266107376,1.896745664e-03
18,13,0.5625,0.40625,0.54638537028130996,0.54489510677581854,1.490263505e-03
18,14,0.5625,0.4375,0.37635678887415264,0.37533027751786535,1.026511356e-03
18,15,0.5625,0.46875,0.19186502713388043,0.19134171618254522,5.233109513e-04
18,16,0.5625,0.5,1.8787946689526587e-16,1.2011155542966555e-16,6.776791147e-17
18,17,0.5625,0.53125,-0.19186502713388015,-0.19134171618254497,-5.233109513e-04
18,18,0.5625,0.5625,-0.37635678887415236,-0.37533027751786513,-1.026511356e-03
18,19,0.5625,0.59375,-0.54638537028130962,-0.54489510677581843,-1.490263505e-03
18,20,0.5625,0.625,-0.69541666832500193,-0.69351992266107365,-1.896745664e-03
18,21,0.5625,0.65625,-0.81772349379912512,-0.8154931568489171,-2.230336950e-03
18,22,0.5625,0.6875,-0.90860566399116638,-0.90612744635288756,-2.478217638e-03
18,23,0.5625,0.71875,-0.96457062806795391,-0.96193976625564326,-2.630861812e-03
18,24,0.5625,0.75,-0.98346768384553018,-0.98078528040323043,-2.682403442e-03
18,25,0.5625,0.78125,-0.96457062806795379,-0.96193976625564337,-2.630861812e-03
18,26,0.5625,0.8125,-0.90860566399116649,-0.90612744635288767,-2.478217638e-03
18,27,0.5625,0.84375,-0.81772349379912523,-0.81549315684891732,-2.230336950e-03
18,28,0.5625,0.875,-0.69541666832500204,-0.69351992266107387,-1.896745664e-03
18,29,0.5625,0.90625,-0.54638537028130973,-0.54489510677581854,-1.490263505e-03
18,30,0.5625,0.9375,-0.37635678887415253,-0.37533027751786585,-1.026511356e-03
18,31,0.5625,0.96875,-0.19186502713388029,-0.19134171618254533,-5.233109513e-04
19,1,0.59375,0.03125,0.1872003864141191,0.18668979824821852,5.105881659e-04
19,2,0.59375,0.0625,0.36720676696152971,0.36620521224660307,1.001554715e-03
19,3,0.59375,0.09375,0.53310159738653629,0.53164756530859969,1.454032078e-03
19,4,0.59375,0.125,0.67850963239079809,0.67665900058717632,1.850631804e-03
19,5,0.59375,0.15625,0.79784292273486745,0.79566680994792727,2.176112787e-03
19,6,0.59375,0.1875,0.88651555699370155,0.88409759001746702,2.417966976e-03
19,7,0.59375,0.21875,0.94111989556091979,0.93855299551027604,2.566900051e-03
19,8,0.59375,0.25,0.9595575243278498,0.95694033573220894,2.617188596e-03
19,9,0.59375,0.28125,0.94111989556091979,0.93855299551027604,2.566900051e-03
19,10,0.59375,0.3125,0.88651555699370155,0.88409759001746702,2.417966976e-03
19,11,0.59375,0.34375,0.79784292273486757,0.79566680994792749,2.176112787e-03
19,12,0.59375,0.375,0.67850963239079831,0.67665900058717643,1.850631804e-03
19,13,0.59375,0.40625,0.5331015973865364,0.53164756530859969,1.454032078e-03
19,14,0.59375,0.4375,0.36720676696152982,0.36620521224660318,1.001554715e-03
19,15,0.59375,0.46875,0.18720038641411918,0.18668979824821885,5.105881659e-04
19,16,0.59375,0.5,1.8323271864398321e-16,1.1719139191294432e-16,6.604132673e-17
19,17,0.59375,0.53125,-0.1872003864141189,-0.18668979824821863,-5.105881659e-04
19,18,0.59375,0.5625,-0.36720676696152954,-0.36620521224660296,-1.001554715e-03
19,19,0.59375,0.59375,-0.53310159738653617,-0.53164756530859947,-1.454032078e-03
19,20,0.59375,0.625,-0.67850963239079798,-0.67665900058717632,-1.850631804e-03
19,21,0.59375,0.65625,-0.79784292273486734,-0.79566680994792727,-2.176112787e-03
19,22,0.59375,0.6875,-0.88651555699370144,-0.88409759001746679,-2.417966976e-03
19,23,0.59375,0.71875,-0.94111989556091968,-0.93855299551027593,-2.566900051e-03
19,24,0.59375,0.75,-0.95955752432784969,-0.95694033573220894,-2.617188596e-03
19,25,0.59375,0.78125,-0.94111989556091979,-0.93855299551027604,-2.566900051e-03
19,26,0.59375,0.8125,-0.88651555699370144,-0.88409759001746691,-2.417966976e-03
19,27,0.59375,0.84375,-0.79784292273486734,-0.79566680994792749,-2.176112787e-03
19,28,0.59375,0.875,-0.67850963239079809,-0.67665900058717654,-1.850631804e-03
19,29,0.59375,0.90625,-0.53310159738653617,-0.53164756530859969,-1.454032078e-03
19,30,0.59375,0.9375,-0.36720676696152971,-0.36620521224660368,-1.001554715e-03
19,31,0.59375,0.96875,-0.18720038641411904,-0.18668979824821896,-5.105881659e-04
20,1,0.625,0.03125,0.18073290363904906,0.18023995550173696,4.929481373e-04
20,2,0.625,0.0625,0.35452034314742947,0.35355339059327379,9.669525542e-04
20,3,0.625,0.09375,0.51468376468595323,0.51327996715933666,1.403797527e-03
20,4,0.625,0.125,0.65506817778557613,0.65328148243818818,1.786695347e-03
20,5,0.625,0.15625,0.77027868817936596,0.7681777567114163,2.100931468e-03
20,6,0.625,0.1875,0.85588782056368773,0.85355339059327373,2.334429970e-03
20,7,0.625,0.21875,0.90860566399116649,0.90612744635288778,2.478217638e-03
20,8,0.625,0.25,0.92640630130339163,0.92387953251128674,2.526768792e-03
20,9,0.625,0.28125,0.90860566399116649,0.90612744635288778,2.478217638e-03
20,10,0.625,0.3125,0.85588782056368773,0.85355339059327373,2.334429970e-03
20,11,0.625,0.34375,0.77027868817936607,0.76817775671141653,2.100931468e-03
20,12,0.625,0.375,0.65506817778557636,0.65328148243818829,1.786695347e-03
20,13,0.625,0.40625,0.51468376468595334,0.51327996715933666,1.403797527e-03
20,14,0.625,0.4375,0.35452034314742958,0.35355339059327384,9.669525542e-04
20,15,0.625,0.46875,0.18073290363904915,0.1802399555017373,4.929481373e-04
20,16,0.625,0.5,1.7690258479365566e-16,1.1314261122877003e-16,6.375997356e-17
20,17,0.625,0.53125,-0.1807329036390489,-0.18023995550173705,-4.929481373e-04
20,18,0.625,0.5625,-0.35452034314742931,-0.35355339059327368,-9.669525542e-04
20,19,0.625,0.59375,-0.51468376468595312,-0.51327996715933655,-1.403797527e-03
20,20,0.625,0.625,-0.65506817778557602,-0.65328148243818818,-1.786695347e-03
20,21,0.625,0.65625,-0.77027868817936584,-0.7681777567114163,-2.100931468e-03
20,22,0.625,0.6875,-0.85588782056368762,-0.85355339059327351,-2.334429970e-03
20,23,0.625,0.71875,-0.90860566399116638,-0.90612744635288767,-2.478217638e-03
20,24,0.625,0.75,-0.92640630130339152,-0.92387953251128674,-2.526768792e-03
20,25,0.625,0.78125,-0.90860566399116649,-0.90612744635288778,-2.478217638e-03
20,26,0.625,0.8125,-0.85588782056368762,-0.85355339059327362,-2.334429970e-03
20,27,0.625,0.84375,-0.77027868817936596,-0.76817775671141653,-2.100931468e-03
20,28,0.625,0.875,-0.65506817778557613,-0.6532814824381884,-1.786695347e-03
20,29,0.625,0.90625,-0.51468376468595312,-0.51327996715933666,-1.403797527e-03
20,30,0.625,0.9375,-0.35452034314742947,-0.35355339059327434,-9.669525542e-04
20,31,0.625,0.96875,-0.18073290363904901,-0.18023995550173738,-4.929481373e-04
21,1,0.65625,0.03125,0.17252486420328,0.17205430345459155,4.705607487e-04
21,2,0.65625,0.0625,0.33841969462828636,0.33749665651658822,9.230381117e-04
21,3,0.65625,0.09375,0.49130924597667902,0.4899692023389578,1.340043638e-03
21,4,0.65625,0.125,0.62531805853158728,0.62361250649333555,1.705552038e-03
21,5,0.65625,0.15625,0.73529624877953403,0.73329073174909731,2.005517030e-03
21,6,0.65625,0.1875,0.8170174165457702,0.81478900541792121,2.228411128e-03
21,7,0.65625,0.21875,0.86734106318279847,0.86497539454747296,2.365668635e-03
21,8,0.65625,0.25,0.88433327917218363,0.88192126434835505,2.412014824e-03
21,9,0.65625,0.28125,0.86734106318279836,0.86497539454747296,2.365668635e-03
21,10,0.65625,0.3125,0.8170174165457702,0.81478900541792121,2.228411128e-03
21,11,0.65625,0.34375,0.73529624877953415,0.73329073174909742,2.005517030e-03
21,12,0.65625,0.375,0.62531805853158751,0.62361250649333566,1.705552038e-03
21,13,0.65625,0.40625,0.49130924597667913,0.4899692023389578,1.340043638e-03
21,14,0.65625,0.4375,0.33841969462828653,0.33749665651658828,9.230381117e-04
21,15,0.65625,0.46875,0.17252486420328009,0.17205430345459188,4.705607487e-04
21,16,0.65625,0.5,1.6877031487903841e-16,1.0800420534841998e-16,6.076610953e-17
21,17,0.65625,0.53125,-0.17252486420327984,-0.17205430345459166,-4.705607487e-04
21,18,0.65625,0.5625,-0.33841969462828619,-0.33749665651658811,-9.230381117e-04
21,19,0.65625,0.59375,-0.49130924597667885,-0.48996920233895758,-1.340043638e-03
21,20,0.65625,0.625,-0.62531805853158717,-0.62361250649333555,-1.705552038e-03
21,21,0.65625,0.65625,-0.73529624877953392,-0.73329073174909731,-2.005517030e-03
21,22,0.65625,0.6875,-0.81701741654577009,-0.81478900541792099,-2.228411128e-03
21,23,0.65625,0.71875,-0.86734106318279836,-0.86497539454747285,-2.365668635e-03
21,24,0.65625,0.75,-0.88433327917218352,-0.88192126434835505,-2.412014824e-03
21,25,0.65625,0.78125,-0.86734106318279836,-0.86497539454747296,-2.365668635e-03
21,26,0.65625,0.8125,-0.8170174165457702,-0.8147890054179211,-2.228411128e-03
21,27,0.65625,0.84375,-0.73529624877953403,-0.73329073174909742,-2.005517030e-03
21,28,0.65625,0.875,-0.62531805853158728,-0.62361250649333577,-1.705552038e-03
21,29,0.65625,0.90625,-0.49130924597667902,-0.4899692023389578,-1.340043638e-03
21,30,0.65625,0.9375,-0.33841969462828647,-0.33749665651658872,-9.230381117e-04
21,31,0.65625,0.96875,-0.17252486420327995,-0.17205430345459197,-4.705607487e-04
22,1,0.6875,0.03125,0.16265531601354913,0.1622116744107289,4.436416028e-04
22,2,0.6875,0.0625,0.31905987945084963,0.31818964514320858,8.702343076e-04
22,3,0.6875,0.09375,0.46320315065169582,0.46193976625564348,1.263384396e-03
22,4,0.6875,0.125,0.58954578454031692,0.58793780120967942,1.607983331e-03
22,5,0.6875,0.15625,0.69323250455013863,0.69134171618254503,1.890788368e-03
22,6,0.6875,0.1875,0.77027868817936596,0.76817775671141653,2.100931468e-03
22,7,0.6875,0.21875,0.81772349379912523,0.81549315684891732,2.230336950e-03
22,8,0.6875,0.25,0.83374364413680269,0.83146961230254546,2.274031834e-03
22,9,0.6875,0.28125,0.81772349379912512,0.81549315684891732,2.230336950e-03
22,10,0.6875,0.3125,0.77027868817936584,0.76817775671141653,2.100931468e-03
22,11,0.6875,0.34375,0.69323250455013863,0.69134171618254525,1.890788368e-03
22,12,0.6875,0.375,0.58954578454031703,0.58793780120967953,1.607983331e-03
22,13,0.6875,0.40625,0.46320315065169593,0.46193976625564348,1.263384396e-03
22,14,0.6875,0.4375,0.31905987945084968,0.31818964514320869,8.702343076e-04
22,15,0.6875,0.46875,0.16265531601354921,0.1622116744107292,4.436416028e-04
22,16,0.6875,0.5,1.5905834544285356e-16,1.018256599294603e-16,5.723268551e-17
22,17,0.6875,0.53125,-0.16265531601354896,-0.16221167441072901,-4.436416028e-04
22,18,0.6875,0.5625,-0.31905987945084946,-0.31818964514320847,-8.702343076e-04
22,19,0.6875,0.59375,-0.46320315065169565,-0.46193976625564326,-1.263384396e-03
22,20,0.6875,0.625,-0.58954578454031681,-0.58793780120967942,-1.607983331e-03
22,21,0.6875,0.65625,-0.69323250455013852,-0.69134171618254503,-1.890788368e-03
22,22,0.6875,0.6875,-0.77027868817936584,-0.7681777567114163,-2.100931468e-03
22,23,0.6875,0.71875,-0.81772349379912512,-0.81549315684891721,-2.230336950e-03
22,24,0.6875,0.75,-0.83374364413680258,-0.83146961230254546,-2.274031834e-03
22,25,0.6875,0.78125,-0.81772349379912512,-0.81549315684891732,-2.230336950e-03
22,26,0.6875,0.8125,-0.77027868817936584,-0.76817775671141642,-2.100931468e-03
22,27,0.6875,0.84375,-0.69323250455013852,-0.69134171618254525,-1.890788368e-03
22,28,0.6875,0.875,-0.58954578454031692,-0.58793780120967964,-1.607983331e-03
22,29,0.6875,0.90625,-0.46320315065169582,-0.46193976625564348,-1.263384396e-03
22,30,0.6875,0.9375,-0.31905987945084963,-0.31818964514320908,-8.702343076e-04
22,31,0.6875,0.96875,-0.16265531601354907,-0.16221167441072928,-4.436416028e-04
23,1,0.71875,0.03125,0.15121930821416743,0.15080685826836968,4.124499458e-04
23,2,0.71875,0.0625,0.29662734321842937,0.29581829354694639,8.090496715e-04
23,3,0.71875,0.09375,0.43063615577333769,0.42946159770132419,1.174558072e-03
23,4,0.71875,0.125,0.54809586236541508,0.54660093350087879,1.494928865e-03
23,5,0.71875,0.15625,0.64449255234249048,0.64273470196332971,1.757850379e-03
23,6,0.71875,0.1875,0.71612175496863106,0.71416853627910337,1.953218690e-03
23,7,0.71875,0.21875,0.76023080015703437,0.75815727425600044,2.073525901e-03
23,8,0.71875,0.25,0.77512460203774725,0.7730104533627371,2.114148675e-03
23,9,0.71875,0.28125,0.76023080015703426,0.75815727425600044,2.073525901e-03
23,10,0.71875,0.3125,0.71612175496863106,0.71416853627910337,1.953218690e-03
23,11,0.71875,0.34375,0.64449255234249048,0.64273470196332994,1.757850379e-03
23,12,0.71875,0.375,0.54809586236541519,0.5466009335008789,1.494928865e-03
23,13,0.71875,0.40625,0.4306361557733378,0.42946159770132419,1.174558072e-03
23,14,0.71875,0.4375,0.29662734321842948,0.2958182935469465,8.090496715e-04
23,15,0.71875,0.46875,0.15121930821416749,0.15080685826836995,4.124499458e-04
23,16,0.71875,0.5,1.4785272033032491e-16,9.4666477741812034e-17,5.318624259e-17
23,17,0.71875,0.53125,-0.15121930821416729,-0.15080685826836976,-4.124499458e-04
23,18,0.71875,0.5625,-0.29662734321842921,-0.29581829354694633,-8.090496715e-04
23,19,0.71875,0.59375,-0.43063615577333758,-0.42946159770132403,-1.174558072e-03
23,20,0.71875,0.625,-0.54809586236541497,-0.54660093350087879,-1.494928865e-03
23,21,0.71875,0.65625,-0.64449255234249037,-0.64273470196332971,-1.757850379e-03
23,22,0.71875,0.6875,-0.71612175496863095,-0.71416853627910315,-1.953218690e-03
23,23,0.71875,0.71875,-0.76023080015703426,-0.75815727425600032,-2.073525901e-03
23,24,0.71875,0.75,-0.77512460203774713,-0.7730104533627371,-2.114148675e-03
23,25,0.71875,0.78125,-0.76023080015703426,-0.75815727425600044,-2.073525901e-03
23,26,0.71875,0.8125,-0.71612175496863106,-0.71416853627910326,-1.953218690e-03
23,27,0.71875,0.84375,-0.64449255234249037,-0.64273470196332994,-1.757850379e-03
23,28,0.71875,0.875,-0.54809586236541508,-0.54660093350087902,-1.494928865e-03
23,29,0.71875,0.90625,-0.43063615577333769,-0.42946159770132419,-1.174558072e-03
23,30,0.71875,0.9375,-0.29662734321842943,-0.29581829354694689,-8.090496715e-04
23,31,0.71875,0.96875,-0.15121930821416738,-0.15080685826837004,-4.124499458e-04
24,1,0.75,0.03125,0.13832697581180062,0.1379496896414715,3.772861703e-04
24,2,0.75,0.0625,0.2713381235178155,0.27059805007309851,7.400734447e-04
24,3,0.75,0.09375,0.39392189930521337,0.39284747919355106,1.074420112e-03
24,4,0.75,0.125,0.5013674774162582,0.5,1.367477416e-03
24,5,0.75,0.15625,0.58954578454031692,0.58793780120967942,1.607983331e-03
24,6,0.75,0.1875,0.65506817778557624,0.65328148243818829,1.786695347e-03
24,7,0.75,0.21875,0.69541666832500215,0.69351992266107376,1.896745664e-03
24,8,0.75,0.25,0.70904068629485884,0.70710678118654757,1.933905108e-03
24,9,0.75,0.28125,0.69541666832500215,0.69351992266107376,1.896745664e-03
24,10,0.75,0.3125,0.65506817778557613,0.65328148243818829,1.786695347e-03
24,11,0.75,0.34375,0.58954578454031692,0.58793780120967953,1.607983331e-03
24,12,0.75,0.375,0.50136747741625831,0.50000000000000011,1.367477416e-03
24,13,0.75,0.40625,0.39392189930521354,0.39284747919355106,1.074420112e-03
24,14,0.75,0.4375,0.27133812351781555,0.27059805007309862,7.400734447e-04
24,15,0.75,0.46875,0.13832697581180067,0.13794968964147175,3.772861703e-04
24,16,0.75,0.5,1.3527756052646649e-16,8.6595605623549341e-17,4.868195490e-17
24,17,0.75,0.53125,-0.13832697581180048,-0.13794968964147158,-3.772861703e-04
24,18,0.75,0.5625,-0.27133812351781539,-0.27059805007309845,-7.400734447e-04
24,19,0.75,0.59375,-0.39392189930521326,-0.39284747919355095,-1.074420112e-03
24,20,0.75,0.625,-0.50136747741625809,-0.5,-1.367477416e-03
24,21,0.75,0.65625,-0.58954578454031681,-0.58793780120967942,-1.607983331e-03
24,22,0.75,0.6875,-0.65506817778557613,-0.65328148243818818,-1.786695347e-03
24,23,0.75,0.71875,-0.69541666832500204,-0.69351992266107365,-1.896745664e-03
24,24,0.75,0.75,-0.70904068629485872,-0.70710678118654757,-1.933905108e-03
24,25,0.75,0.78125,-0.69541666832500215,-0.69351992266107376,-1.896745664e-03
24,26,0.75,0.8125,-0.65506817778557613,-0.65328148243818818,-1.786695347e-03
24,27,0.75,0.84375,-0.58954578454031692,-0.58793780120967953,-1.607983331e-03
24,28,0.75,0.875,-0.5013674774162582,-0.50000000000000011,-1.367477416e-03
24,29,0.75,0.90625,-0.39392189930521343,-0.39284747919355106,-1.074420112e-03
24,30,0.75,0.9375,-0.27133812351781544,-0.27059805007309895,-7.400734447e-04
24,31,0.75,0.96875,-0.13832697581180059,-0.13794968964147183,-3.772861703e-04
25,1,0.78125,0.03125,0.12410247901514938,0.12376399009235475,3.384889228e-04
25,2,0.78125,0.0625,0.2434357693592186,0.24277179945310562,6.639699061e-04
25,3,0.78125,0.09375,0.35341395960716532,0.35245002470886722,9.639348983e-04
25,4,0.78125,0.125,0.44981064958424055,0.44858379317131808,1.226856413e-03
25,5,0.78125,0.15625,0.52892136855451199,0.52747873803088474,1.442630524e-03
25,6,0.78125,0.1875,0.5877059359537542,0.58610297080140872,1.602965152e-03
25,7,0.78125,0.21875,0.62390529382357973,0.62220359509436729,1.701698729e-03
25,8,0.78125,0.25,0.63612832114188478,0.63439328416364549,1.735036978e-03
25,9,0.78125,0.28125,0.62390529382357973,0.62220359509436729,1.701698729e-03
25,10,0.78125,0.3125,0.5877059359537542,0.58610297080140872,1.602965152e-03
25,11,0.78125,0.34375,0.52892136855451199,0.52747873803088485,1.442630524e-03
25,12,0.78125,0.375,0.44981064958424066,0.44858379317131819,1.226856413e-03
25,13,0.78125,0.40625,0.35341395960716537,0.35245002470886722,9.639348983e-04
25,14,0.78125,0.4375,0.24343576935921865,0.24277179945310567,6.639699061e-04
25,15,0.78125,0.46875,0.12410247901514944,0.12376399009235498,3.384889228e-04
25,16,0.78125,0.5,1.2147057251987363e-16,7.7690770485158574e-17,4.377980203e-17
25,17,0.78125,0.53125,-0.12410247901514926,-0.12376399009235482,-3.384889228e-04
25,18,0.78125,0.5625,-0.24343576935921848,-0.24277179945310554,-6.639699061e-04
25,19,0.78125,0.59375,-0.35341395960716521,-0.3524500247088671,-9.639348983e-04
25,20,0.78125,0.625,-0.44981064958424044,-0.44858379317131808,-1.226856413e-03
25,21,0.78125,0.65625,-0.52892136855451188,-0.52747873803088474,-1.442630524e-03
25,22,0.78125,0.6875,-0.58770593595375409,-0.5861029708014085,-1.602965152e-03
25,23,0.78125,0.71875,-0.62390529382357962,-0.62220359509436718,-1.701698729e-03
25,24,0.78125,0.75,-0.63612832114188478,-0.63439328416364549,-1.735036978e-03
25,25,0.78125,0.78125,-0.62390529382357973,-0.62220359509436729,-1.701698729e-03
25,26,0.78125,0.8125,-0.5877059359537542,-0.58610297080140861,-1.602965152e-03
25,27,0.78125,0.84375,-0.52892136855451199,-0.52747873803088485,-1.442630524e-03
25,28,0.78125,0.875,-0.44981064958424055,-0.44858379317131825,-1.226856413e-03
25,29,0.78125,0.90625,-0.35341395960716526,-0.35245002470886722,-9.639348983e-04
25,30,0.78125,0.9375,-0.24343576935921857,-0.24277179945310601,-6.639699061e-04
25,31,0.78125,0.96875,-0.12410247901514934,-0.12376399009235504,-3.384889228e-04
26,1,0.8125,0.03125,0.10868280750426634,0.1083863756623696,2.964318419e-04
26,2,0.8125,0.0625,0.21318899566616439,0.2126075236918141,5.814719744e-04
26,3,0.8125,0.09375,0.30950245028237788,0.30865828381745508,8.441664649e-04
26,4,0.8125,0.125,0.39392189930521332,0.39284747919355101,1.074420112e-03
26,5,0.8125,0.15625,0.46320315065169571,0.46193976625564331,1.263384396e-03
26,6,0.8125,0.1875,0.514683764685953,0.51327996715933666,1.403797527e-03
26,7,0.8125,0.21875,0.54638537028130962,0.54489510677581854,1.490263505e-03
26,8,0.8125,0.25,0.5570896925132014,0.55557023301960218,1.519459494e-03
26,9,0.8125,0.28125,0.54638537028130962,0.54489510677581854,1.490263505e-03
26,10,0.8125,0.3125,0.514683764685953,0.51327996715933666,1.403797527e-03
26,11,0.8125,0.34375,0.46320315065169582,0.46193976625564348,1.263384396e-03
26,12,0.8125,0.375,0.39392189930521343,0.39284747919355106,1.074420112e-03
26,13,0.8125,0.40625,0.30950245028237799,0.30865828381745508,8.441664649e-04
26,14,0.8125,0.4375,0.21318899566616448,0.21260752369181415,5.814719744e-04
26,15,0.8125,0.46875,0.10868280750426641,0.10838637566236979,2.964318419e-04
26,16,0.8125,0.5,1.0651807521799571e-16,6.8037730756900496e-17,3.848034446e-17
26,17,0.8125,0.53125,-0.10868280750426623,-0.10838637566236965,-2.964318419e-04
26,18,0.8125,0.5625,-0.21318899566616428,-0.21260752369181404,-5.814719744e-04
26,19,0.8125,0.59375,-0.30950245028237777,-0.30865828381745491,-8.441664649e-04
26,20,0.8125,0.625,-0.39392189930521321,-0.39284747919355101,-1.074420112e-03
26,21,0.8125,0.65625,-0.46320315065169565,-0.46193976625564331,-1.263384396e-03
26,22,0.8125,0.6875,-0.51468376468595289,-0.51327996715933655,-1.403797527e-03
26,23,0.8125,0.71875,-0.54638537028130951,-0.54489510677581854,-1.490263505e-03
26,24,0.8125,0.75,-0.5570896925132014,-0.55557023301960218,-1.519459494e-03
26,25,0.8125,0.78125,-0.54638537028130962,-0.54489510677581854,-1.490263505e-03
26,26,0.8125,0.8125,-0.514683764685953,-0.51327996715933666,-1.403797527e-03
26,27,0.8125,0.84375,-0.46320315065169571,-0.46193976625564348,-1.263384396e-03
26,28,0.8125,0.875,-0.39392189930521332,-0.39284747919355112,-1.074420112e-03
26,29,0.8125,0.90625,-0.30950245028237788,-0.30865828381745508,-8.441664649e-04
26,30,0.8125,0.9375,-0.21318899566616439,-0.21260752369181443,-5.814719743e-04
26,31,0.8125,0.96875,-0.10868280750426633,-0.10838637566236986,-2.964318419e-04
27,1,0.84375,0.03125,0.092216461145051234,0.091964941184735985,2.515199603e-04
27,2,0.84375,0.0625,0.18088909540388534,0.18039572125427578,4.933741496e-04
27,3,0.84375,0.09375,0.26261026317012159,0.26189399492309973,7.162682470e-04
27,4,0.84375,0.125,0.33423946579626229,0.33332782923887339,9.116365574e-04
27,5,0.84375,0.15625,0.3930240331955045,0.39195206200939742,1.071971186e-03
27,6,0.84375,0.1875,0.43670490740946066,0.43551379684614899,1.191110563e-03
27,7,0.84375,0.21875,0.46360345693860483,0.46233898070905416,1.264476230e-03
27,8,0.84375,0.25,0.47268598560941233,0.47139673682599786,1.289248783e-03
27,9,0.84375,0.28125,0.46360345693860483,0.46233898070905416,1.264476230e-03
27,10,0.84375,0.3125,0.43670490740946066,0.43551379684614899,1.191110563e-03
27,11,0.84375,0.34375,0.39302403319550466,0.39195206200939747,1.071971186e-03
27,12,0.84375,0.375,0.3342394657962624,0.33332782923887344,9.116365574e-04
27,13,0.84375,0.40625,0.26261026317012165,0.26189399492309973,7.162682470e-04
27,14,0.84375,0.4375,0.1808890954038854,0.18039572125427583,4.933741496e-04
27,15,0.84375,0.46875,0.092216461145051276,0.091964941184736151,2.515199603e-04
27,16,0.84375,0.5,9.0538722970115675e-17,5.7729450488246553e-17,3.280927248e-17
27,17,0.84375,0.53125,-0.092216461145051151,-0.09196494118473604,-2.515199603e-04
27,18,0.84375,0.5625,-0.18088909540388526,-0.18039572125427572,-4.933741496e-04
27,19,0.84375,0.59375,-0.26261026317012154,-0.26189399492309962,-7.162682470e-04
27,20,0.84375,0.625,-0.33423946579626224,-0.33332782923887339,-9.116365574e-04
27,21,0.84375,0.65625,-0.39302403319550444,-0.39195206200939742,-1.071971186e-03
27,22,0.84375,0.6875,-0.43670490740946061,-0.43551379684614888,-1.191110563e-03
27,23,0.84375,0.71875,-0.46360345693860477,-0.4623389807090541,-1.264476230e-03
27,24,0.84375,0.75,-0.47268598560941227,-0.47139673682599786,-1.289248783e-03
27,25,0.84375,0.78125,-0.46360345693860483,-0.46233898070905416,-1.264476230e-03
27,26,0.84375,0.8125,-0.43670490740946061,-0.43551379684614894,-1.191110563e-03
27,27,0.84375,0.84375,-0.39302403319550455,-0.39195206200939747,-1.071971186e-03
27,28,0.84375,0.875,-0.33423946579626229,-0.3333278292388735,-9.116365574e-04
27,29,0.84375,0.90625,-0.26261026317012154,-0.26189399492309973,-7.162682470e-04
27,30,0.84375,0.9375,-0.18088909540388534,-0.18039572125427608,-4.933741496e-04
27,31,0.84375,0.96875,-0.092216461145051207,-0.091964941184736207,-2.515199603e-04
28,1,0.875,0.03125,0.074862019854363832,0.074657834050342625,2.041858040e-04
28,2,0.875,0.0625,0.14684713426882884,0.1464466094067263,4.005248621e-04
28,3,0.875,0.09375,0.21318899566616445,0.21260752369181415,5.814719744e-04
28,4,0.875,0.125,0.2713381235178155,0.27059805007309856,7.400734447e-04
28,5,0.875,0.15625,0.31905987945084968,0.31818964514320858,8.702343076e-04
28,6,0.875,0.1875,0.35452034314742947,0.35355339059327384,9.669525542e-04
28,7,0.875,0.21875,0.37635678887415258,0.37533027751786535,1.026511356e-03
28,8,0.875,0.25,0.38373005426776075,0.38268343236508989,1.046621903e-03
28,9,0.875,0.28125,0.37635678887415253,0.37533027751786535,1.026511356e-03
28,10,0.875,0.3125,0.35452034314742947,0.35355339059327384,9.669525542e-04
28,11,0.875,0.34375,0.31905987945084974,0.31818964514320869,8.702343076e-04
28,12,0.875,0.375,0.27133812351781555,0.27059805007309862,7.400734447e-04
28,13,0.875,0.40625,0.2131889956661645,0.21260752369181415,5.814719744e-04
28,14,0.875,0.4375,0.14684713426882889,0.14644660940672632,4.005248621e-04
28,15,0.875,0.46875,0.074862019854363873,0.074657834050342764,2.041858040e-04
28,16,0.875,0.5,7.360143076544504e-17,4.6865204053262998e-17,2.673622671e-17
28,17,0.875,0.53125,-0.074862019854363762,-0.074657834050342667,-2.041858040e-04
28,18,0.875,0.5625,-0.14684713426882876,-0.14644660940672624,-4.005248621e-04
28,19,0.875,0.59375,-0.21318899566616439,-0.21260752369181407,-5.814719744e-04
28,20,0.875,0.625,-0.27133812351781544,-0.27059805007309856,-7.400734447e-04
28,21,0.875,0.65625,-0.31905987945084963,-0.31818964514320858,-8.702343076e-04
28,22,0.875,0.6875,-0.35452034314742942,-0.35355339059327379,-9.669525542e-04
28,23,0.875,0.71875,-0.37635678887415253,-0.3753302775178653,-1.026511356e-03
28,24,0.875,0.75,-0.38373005426776069,-0.38268343236508989,-1.046621903e-03
28,25,0.875,0.78125,-0.37635678887415253,-0.37533027751786535,-1.026511356e-03
28,26,0.875,0.8125,-0.35452034314742947,-0.35355339059327384,-9.669525542e-04
28,27,0.875,0.84375,-0.31905987945084968,-0.31818964514320869,-8.702343076e-04
28,28,0.875,0.875,-0.2713381235178155,-0.27059805007309862,-7.400734447e-04
28,29,0.875,0.90625,-0.21318899566616445,-0.21260752369181415,-5.814719744e-04
28,30,0.875,0.9375,-0.14684713426882887,-0.14644660940672652,-4.005248621e-04
28,31,0.875,0.96875,-0.074862019854363818,-0.074657834050342806,-2.041858040e-04
29,1,0.90625,0.03125,0.056786616388736014,0.056631731161920926,1.548852268e-04
29,2,0.90625,0.0625,0.11139095495595426,0.11108713665472997,3.038183012e-04
29,3,0.90625,0.09375,0.16171460159298243,0.16127352578428167,4.410758087e-04
29,4,0.90625,0.125,0.20582364678138562,0.20526226376117868,5.613830202e-04
29,5,0.90625,0.15625,0.24202300465121118,0.2413628880541373,6.601165971e-04
29,6,0.90625,0.1875,0.26892155418035529,0.26818807191704247,7.334822633e-04
29,7,0.90625,0.21875,0.28548559919529348,0.28470693857777912,7.786606175e-04
29,8,0.90625,0.25,0.29107859273532499,0.29028467725446239,7.939154809e-04
29,9,0.90625,0.28125,0.28548559919529348,0.28470693857777912,7.786606175e-04
29,10,0.90625,0.3125,0.26892155418035529,0.26818807191704247,7.334822633e-04
29,11,0.90625,0.34375,0.24202300465121118,0.24136288805413739,6.601165971e-04
29,12,0.90625,0.375,0.20582364678138568,0.20526226376117873,5.613830202e-04
29,13,0.90625,0.40625,0.16171460159298245,0.16127352578428167,4.410758087e-04
29,14,0.90625,0.4375,0.1113909549559543,0.11108713665473001,3.038183012e-04
29,15,0.90625,0.46875,0.056786616388736048,0.05663173116192103,1.548852268e-04
29,16,0.90625,0.5,5.5875668406807898e-17,3.5549620084119986e-17,2.032604832e-17
29,17,0.90625,0.53125,-0.056786616388735958,-0.05663173116192096,-1.548852268e-04
29,18,0.90625,0.5625,-0.11139095495595421,-0.11108713665472994,-3.038183012e-04
29,19,0.90625,0.59375,-0.16171460159298237,-0.16127352578428161,-4.410758087e-04
29,20,0.90625,0.625,-0.20582364678138557,-0.20526226376117868,-5.613830202e-04
29,21,0.90625,0.65625,-0.24202300465121113,-0.2413628880541373,-6.601165971e-04
29,22,0.90625,0.6875,-0.26892155418035524,-0.26818807191704241,-7.334822633e-04
29,23,0.90625,0.71875,-0.28548559919529343,-0.28470693857777912,-7.786606175e-04
29,24,0.90625,0.75,-0.29107859273532499,-0.29028467725446239,-7.939154809e-04
29,25,0.90625,0.78125,-0.28548559919529348,-0.28470693857777912,-7.786606175e-04
29,26,0.90625,0.8125,-0.26892155418035529,-0.26818807191704241,-7.334822633e-04
29,27,0.90625,0.84375,-0.24202300465121113,-0.24136288805413739,-6.601165971e-04
29,28,0.90625,0.875,-0.20582364678138562,-0.20526226376117876,-5.613830202e-04
29,29,0.90625,0.90625,-0.1617146015929824,-0.16127352578428167,-4.410758087e-04
29,30,0.90625,0.9375,-0.11139095495595426,-0.11108713665473015,-3.038183012e-04
29,31,0.90625,0.96875,-0.056786616388736,-0.056631731161921064,-1.548852268e-04
30,1,0.9375,0.03125,0.038164326764562474,0.038060233744356686,1.040930202e-04
30,2,0.9375,0.0625,0.074862019854363832,0.074657834050342736,2.041858040e-04
30,3,0.9375,0.09375,0.1086828075042664,0.10838637566236979,2.964318419e-04
30,4,0.9375,0.125,0.13832697581180065,0.13794968964147172,3.772861703e-04
30,5,0.9375,0.15625,0.16265531601354916,0.16221167441072917,4.436416028e-04
30,6,0.9375,0.1875,0.18073290363904906,0.1802399555017373,4.929481373e-04
30,7,0.9375,0.21875,0.1918650271338804,0.19134171618254522,5.233109513e-04
30,8,0.9375,0.25,0.19562388523510355,0.19509032201612861,5.335632190e-04
30,9,0.9375,0.28125,0.19186502713388037,0.19134171618254522,5.233109513e-04
30,10,0.9375,0.3125,0.18073290363904906,0.1802399555017373,4.929481373e-04
30,11,0.9375,0.34375,0.16265531601354918,0.1622116744107292,4.436416028e-04
30,12,0.9375,0.375,0.13832697581180067,0.13794968964147175,3.772861703e-04
30,13,0.9375,0.40625,0.10868280750426643,0.10838637566236979,2.964318419e-04
30,14,0.9375,0.4375,0.074862019854363859,0.074657834050342764,2.041858040e-04
30,15,0.9375,0.46875,0.038164326764562502,0.038060233744356756,1.040930202e-04
30,16,0.9375,0.5,3.758602324455055e-17,2.389167384016783e-17,1.369434940e-17
30,17,0.9375,0.53125,-0.03816432676456244,-0.038060233744356707,-1.040930202e-04
30,18,0.9375,0.5625,-0.07486201985436379,-0.074657834050342722,-2.041858040e-04
30,19,0.9375,0.59375,-0.10868280750426637,-0.10838637566236975,-2.964318419e-04
30,20,0.9375,0.625,-0.13832697581180062,-0.13794968964147172,-3.772861703e-04
30,21,0.9375,0.65625,-0.16265531601354913,-0.16221167441072917,-4.436416028e-04
30,22,0.9375,0.6875,-0.18073290363904904,-0.18023995550173724,-4.929481373e-04
30,23,0.9375,0.71875,-0.19186502713388037,-0.1913417161825452,-5.233109513e-04
30,24,0.9375,0.75,-0.19562388523510352,-0.19509032201612861,-5.335632190e-04
30,25,0.9375,0.78125,-0.19186502713388037,-0.19134171618254522,-5.233109513e-04
30,26,0.9375,0.8125,-0.18073290363904906,-0.18023995550173727,-4.929481373e-04
30,27,0.9375,0.84375,-0.16265531601354916,-0.1622116744107292,-4.436416028e-04
30,28,0.9375,0.875,-0.13832697581180065,-0.13794968964147178,-3.772861703e-04
30,29,0.9375,0.90625,-0.1086828075042664,-0.10838637566236979,-2.964318419e-04
30,30,0.9375,0.9375,-0.074862019854363845,-0.074657834050342861,-2.041858040e-04
30,31,0.9375,0.96875,-0.038164326764562474,-0.038060233744356776,-1.040930202e-04
31,1,0.96875,0.03125,0.019174493810902919,0.019122195469994052,5.229834091e-05
31,2,0.96875,0.0625,0.037612122577832856,0.037509535691927005,1.025868859e-04
31,3,0.96875,0.09375,0.054604338567218025,0.054455405492809153,1.489330744e-04
31,4,0.96875,0.125,0.069498140447930859,0.069308584599545878,1.895558484e-04
31,5,0.96875,0.15625,0.081721167766235892,0.081498273668824117,2.228940974e-04
31,6,0.96875,0.1875,0.090803696437043363,0.09055602978576785,2.476666513e-04
31,7,0.96875,0.21875,0.096396689977074901,0.0961337684624511,2.629215146e-04
31,8,0.96875,0.25,0.098285212781173983,0.098017140329560826,2.680724516e-04
31,9,0.96875,0.28125,0.096396689977074901,0.0961337684624511,2.629215146e-04
31,10,0.96875,0.3125,0.090803696437043363,0.09055602978576785,2.476666513e-04
31,11,0.96875,0.34375,0.081721167766235905,0.081498273668824131,2.228940974e-04
31,12,0.96875,0.375,0.069498140447930873,0.069308584599545892,1.895558484e-04
31,13,0.96875,0.40625,0.054604338567218032,0.054455405492809153,1.489330744e-04
31,14,0.96875,0.4375,0.037612122577832863,0.037509535691927012,1.025868859e-04
31,15,0.96875,0.46875,0.019174493810902932,0.019122195469994087,5.229834091e-05
31,16,0.96875,0.5,1.8893807512795779e-17,1.2003637716617361e-17,6.890169796e-18
31,17,0.96875,0.53125,-0.019174493810902901,-0.019122195469994063,-5.229834091e-05
31,18,0.96875,0.5625,-0.037612122577832835,-0.037509535691926991,-1.025868859e-04
31,19,0.96875,0.59375,-0.054604338567218011,-0.054455405492809132,-1.489330744e-04
31,20,0.96875,0.625,-0.069498140447930845,-0.069308584599545878,-1.895558484e-04
31,21,0.96875,0.65625,-0.081721167766235878,-0.081498273668824117,-2.228940974e-04
31,22,0.96875,0.6875,-0.090803696437043349,-0.090556029785767822,-2.476666513e-04
31,23,0.96875,0.71875,-0.096396689977074887,-0.096133768462451086,-2.629215146e-04
31,24,0.96875,0.75,-0.09828521278117397,-0.098017140329560826,-2.680724516e-04
31,25,0.96875,0.78125,-0.096396689977074901,-0.0961337684624511,-2.629215146e-04
31,26,0.96875,0.8125,-0.090803696437043363,-0.090556029785767836,-2.476666513e-04
31,27,0.96875,0.84375,-0.081721167766235892,-0.081498273668824131,-2.228940974e-04
31,28,0.96875,0.875,-0.069498140447930859,-0.069308584599545905,-1.895558484e-04
31,29,0.96875,0.90625,-0.054604338567218018,-0.054455405492809153,-1.489330744e-04
31,30,0.96875,0.9375,-0.037612122577832849,-0.037509535691927061,-1.025868859e-04
31,31,0.96875,0.96875,-0.019174493810902915,-0.019122195469994097,-5.229834091e-05
