P,Nx,Ny,mode,M,t_total,t_fst,t_transpose,t_comm,gflops,error
1,128,128,allatonce,127,9.230890000e-04,8.998650000e-04,2.289300000e-05,1.600000000e-07,4.892399324e+00,1.706940014e-04
1,128,128,pairwise,127,9.265150000e-04,9.032220000e-04,2.298300000e-05,0.000000000e+00,4.874308565e+00,1.706940014e-04
1,2048,2048,allatonce,2047,4.849156980e-01,4.686461010e-01,1.626580000e-02,8.010000005e-07,3.802087595e+00,6.667110777e-07
1,2048,2048,pairwise,2047,4.846705650e-01,4.684155160e-01,1.625365800e-02,0.000000000e+00,3.804010586e+00,6.667110777e-07
1,32,32,allatonce,31,4.304100000e-05,4.099800000e-05,1.813000000e-06,1.300000000e-07,4.465509630e+00,2.734954833e-03
1,32,32,pairwise,31,4.308100000e-05,4.126700000e-05,1.583000000e-06,0.000000000e+00,4.461363478e+00,2.734954833e-03
1,512,512,allatonce,511,1.843931500e-02,1.795386100e-02,4.851040000e-04,1.800000000e-07,5.097996319e+00,1.066743593e-05
1,512,512,pairwise,511,1.836462400e-02,1.787895000e-02,4.853040000e-04,0.000000000e+00,5.118730446e+00,1.066743593e-05
2,128,128,allatonce,64,5.548960000e-04,4.502080000e-04,1.072930000e-04,8.927800000e-05,8.138678239e+00,1.706940014e-04
2,128,128,pairwise,64,5.606760000e-04,4.512700000e-04,1.139850000e-04,9.736300000e-05,8.054776734e+00,1.706940014e-04
2,2048,2048,allatonce,1024,2.542762960e-01,2.249666060e-01,3.202411500e-02,2.444461600e-02,7.250742554e+00,6.667110777e-07
2,2048,2048,pairwise,1024,2.547996220e-01,2.265414910e-01,3.204197800e-02,2.492381900e-02,7.235850452e+00,6.667110777e-07
2,32,32,allatonce,16,3.197000000e-05,2.149000000e-05,1.025000000e-05,9.268000000e-06,6.011886143e+00,2.734954833e-03
2,32,32,pairwise,16,3.277200000e-05,2.130100000e-05,1.125100000e-05,1.027900000e-05,5.864762602e+00,2.734954833e-03
2,512,512,allatonce,256,1.119487800e-02,9.819908000e-03,1.769133000e-03,1.493373000e-03,8.397015135e+00,1.066743593e-05
2,512,512,pairwise,256,1.113617700e-02,9.768742000e-03,1.715632000e-03,1.413042000e-03,8.441277469e+00,1.066743593e-05
4,128,128,allatonce,32,3.289490000e-04,2.261770000e-04,1.049780000e-04,9.525000000e-05,1.372893670e+01,1.706940014e-04
4,128,128,pairwise,32,3.497390000e-04,2.250740000e-04,1.245450000e-04,1.166900000e-04,1.291282928e+01,1.706940014e-04
4,2048,2048,allatonce,512,1.986071310e-01,1.817000030e-01,1.887614800e-02,1.400577200e-02,9.283110585e+00,6.667110777e-07
4,2048,2048,pairwise,512,2.003312980e-01,1.842942980e-01,2.096490300e-02,1.375081300e-02,9.203214767e+00,6.667110777e-07
4,32,32,allatonce,8,2.638900000e-05,1.203200000e-05,1.439700000e-05,1.336300000e-05,7.283337754e+00,2.734954833e-03
4,32,32,pairwise,8,3.278200000e-05,1.180300000e-05,2.110000000e-05,2.047800000e-05,5.862973583e+00,2.734954833e-03
4,512,512,allatonce,128,6.896542000e-03,5.124483000e-03,1.809629000e-03,1.597489000e-03,1.363053542e+01,1.066743593e-05
4,512,512,pairwise,128,6.995798000e-03,5.132068000e-03,1.917223000e-03,1.675336000e-03,1.343714613e+01,1.066743593e-05
8,128,128,allatonce,16,2.444010000e-04,1.167390000e-04,1.307560000e-04,1.265470000e-04,1.847832047e+01,1.706940014e-04
8,128,128,pairwise,16,2.461830000e-04,1.172710000e-04,1.325400000e-04,1.290240000e-04,1.834456482e+01,1.706940014e-04
8,2048,2048,allatonce,256,1.966542520e-01,1.837297560e-01,1.588507300e-02,1.132567400e-02,9.375296701e+00,6.667110777e-07
8,2048,2048,pairwise,256,1.997335330e-01,1.851814700e-01,1.911948600e-02,1.526219000e-02,9.230758262e+00,6.667110777e-07
8,32,32,allatonce,4,3.042700000e-05,6.822000000e-06,2.371400000e-05,2.174100000e-05,6.316758142e+00,2.734954833e-03
8,32,32,pairwise,4,3.890400000e-05,7.736000000e-06,3.167900000e-05,3.090800000e-05,4.940366029e+00,2.734954833e-03
8,512,512,allatonce,64,4.961085000e-03,2.876337000e-03,2.163616000e-03,2.073737000e-03,1.894818573e+01,1.066743593e-05
8,512,512,pairwise,64,5.219583000e-03,3.005361000e-03,2.416422000e-03,2.322977000e-03,1.800978354e+01,1.066743593e-05
16,128,128,allatonce,8,2.380180000e-04,6.059300000e-05,1.780460000e-04,1.757220000e-04,1.897385912e+01,1.706940014e-04
16,128,128,pairwise,8,2.437590000e-04,6.051300000e-05,1.855300000e-04,1.830960000e-04,1.852698772e+01,1.706940014e-04
16,2048,2048,allatonce,128,8.115851000e-02,7.593042200e-02,1.883956900e-02,1.653451700e-02,2.271717359e+01,6.667110777e-07
16,2048,2048,pairwise,128,8.015635300e-02,7.404681300e-02,2.085169800e-02,1.892620000e-02,2.300119568e+01,6.667110777e-07
16,32,32,allatonce,2,9.978800000e-05,5.160000000e-06,9.454800000e-05,9.340500000e-05,1.926083297e+00,2.734954833e-03
16,32,32,pairwise,2,1.029640000e-04,5.019000000e-06,9.800500000e-05,9.655200000e-05,1.866671846e+00,2.734954833e-03
16,512,512,allatonce,32,4.012919000e-03,1.823996000e-03,2.350778000e-03,2.283089000e-03,2.342523236e+01,1.066743593e-05
16,512,512,pairwise,32,3.948508000e-03,1.835126000e-03,2.221815000e-03,2.181019000e-03,2.380736217e+01,1.066743593e-05
32,128,128,allatonce,4,4.549770000e-04,3.422500000e-05,4.216050000e-04,4.181290000e-04,9.926040217e+00,1.706940014e-04
32,128,128,pairwise,4,4.790420000e-04,3.569700000e-05,4.460600000e-04,4.430230000e-04,9.427398850e+00,1.706940014e-04
32,2048,2048,allatonce,64,3.186369200e-02,2.612466100e-02,8.865660000e-03,7.212296000e-03,5.786184351e+01,6.667110777e-07
32,2048,2048,pairwise,64,3.164199500e-02,2.601811100e-02,8.390084000e-03,7.359475000e-03,5.826724769e+01,6.667110777e-07
32,512,512,allatonce,16,2.163015000e-03,7.135640000e-04,1.522187000e-03,1.503932000e-03,4.345950444e+01,1.066743593e-05
32,512,512,pairwise,16,2.792380000e-03,6.703540000e-04,2.166271000e-03,2.150871000e-03,3.366431503e+01,1.066743593e-05
64,128,128,allatonce,2,2.436901000e-03,2.866500000e-05,2.411694000e-03,2.409500000e-03,1.853222597e+00,1.706940014e-04
64,128,128,pairwise,2,2.495321000e-03,2.679000000e-05,2.471696000e-03,2.466159000e-03,1.809835288e+00,1.706940014e-04
64,2048,2048,allatonce,32,2.475525200e-02,1.439459500e-02,1.171778300e-02,1.093570000e-02,7.447680032e+01,6.667110777e-07
64,2048,2048,pairwise,32,2.329107400e-02,1.400285800e-02,1.059913700e-02,1.041219100e-02,7.915873523e+01,6.667110777e-07
64,512,512,allatonce,8,2.059239000e-03,3.559710000e-04,1.728005000e-03,1.710061000e-03,4.564965990e+01,1.066743593e-05
64,512,512,pairwise,8,2.057275000e-03,3.627330000e-04,1.705353000e-03,1.692771000e-03,4.569323984e+01,1.066743593e-05
128,2048,2048,allatonce,16,1.663800100e-02,6.573451000e-03,1.139685900e-02,1.126398800e-02,1.108121078e+02,6.667110777e-07
128,2048,2048,pairwise,16,1.706285200e-02,7.021896000e-03,1.156984500e-02,1.149198300e-02,1.080529773e+02,6.667110777e-07
128,512,512,allatonce,4,7.719331000e-03,2.384000000e-04,7.500469000e-03,7.490150000e-03,1.217768224e+01,1.066743593e-05
128,512,512,pairwise,4,6.488041000e-03,2.027630000e-04,6.293305000e-03,6.279446000e-03,1.448874321e+01,1.066743593e-05
